interview__key,interview__id,ip1,commune,osc,repondant,sexe,type_organisation,autre_type_organisation,nombre_anne_organisation,nbre_collaborateur,secteur_activite,zone_geo,contact_direct,points_forts,points_ameliorer,suggestion,q223,q225,satisf_globale,access_info,q23,q24,q25,q26,q29,q221,q222,q224
00000000001,INT00000001,OSC00001,Cocody,OSC_1,Respondant_1,Femme,Association,,2004,43,Agriculture,Rural,1,,,,,,Satisfait,Insatisfait,Très_insatisfait,Compétent,Oui,Oui_un_peu,Oui,Mauvaise,Très_efficace,Non
00000000002,INT00000002,OSC00002,Abobo,OSC_2,Respondant_2,Homme,ONG,,2011,37,Administration,Rural,1,,,,,,Très_insatisfait,Insatisfait,Très_satisfait,Très_compétent,Non,Oui_un_peu,Non,Très_mauvaise,Très_efficace,Oui
00000000003,INT00000003,OSC00003,Korhogo,OSC_3,Respondant_3,Homme,Association,,2015,40,Education,Rural,1,,,,,,Satisfait,Très_insatisfait,Très_insatisfait,Pas_du_tout_compétent,Non,Oui_totalement,Oui,Très_bonne,Pas_du_tout_efficace,Non
00000000004,INT00000004,OSC00004,Cocody,OSC_4,Respondant_4,Homme,Coopérative,,2014,42,Transport,Rural,0,,,,,,Très_insatisfait,Très_satisfait,Très_satisfait,Peu_compétent,Oui,Oui_un_peu,Non,Mauvaise,Très_efficace,Non
00000000005,INT00000005,OSC00005,Cocody,OSC_5,Respondant_5,Homme,Association,,2010,25,Finance,Urbain,1,,,,,,Satisfait,Très_satisfait,Très_satisfait,Pas_du_tout_compétent,Oui,Oui_un_peu,Oui,Bonne,Très_efficace,Non
00000000006,INT00000006,OSC00006,Yopougon,OSC_6,Respondant_6,Femme,Coopérative,,2006,32,Education,Rural,0,,,,,,Très_insatisfait,Satisfait,Insatisfait,Pas_du_tout_compétent,Oui,Oui_totalement,Non,Mauvaise,Pas_du_tout_efficace,Non
00000000007,INT00000007,OSC00007,Cocody,OSC_7,Respondant_7,Femme,Syndicat,,2006,26,Education,Mixte,0,,,,,,Très_insatisfait,Satisfait,Très_insatisfait,Compétent,Non,Pas_du_tout,Non,Très_bonne,Assez_efficace,Oui
00000000008,INT00000008,OSC00008,Daloa,OSC_8,Respondant_8,Homme,Syndicat,,2010,2,Sécurité,Rural,0,,,,,,Très_insatisfait,Très_satisfait,Satisfait,Pas_du_tout_compétent,Oui,Oui_totalement,Non,Mauvaise,Peu_efficace,Oui
00000000009,INT00000009,OSC00009,Daloa,OSC_9,Respondant_9,Femme,Syndicat,,2009,8,Transport,Urbain,0,,,,,,Insatisfait,Insatisfait,Satisfait,Très_compétent,Oui,Pas_du_tout,Oui,Très_bonne,Peu_efficace,Oui
00000000010,INT00000010,OSC00010,Korhogo,OSC_10,Respondant_10,Femme,Coopérative,,2015,15,Administration,Mixte,0,,,,,,Satisfait,Insatisfait,Insatisfait,Pas_du_tout_compétent,Non,Pas_du_tout,Oui,Mauvaise,Pas_du_tout_efficace,Non
00000000011,INT00000011,OSC00011,Yopougon,OSC_11,Respondant_11,Homme,ONG,,2023,7,Santé,Rural,0,,,,,,Très_satisfait,Satisfait,Insatisfait,Pas_du_tout_compétent,Non,Oui_un_peu,Oui,Mauvaise,Pas_du_tout_efficace,Non
00000000012,INT00000012,OSC00012,Yopougon,OSC_12,Respondant_12,Homme,Syndicat,,2015,38,Administration,Mixte,0,,,,,,Très_satisfait,Très_satisfait,Très_satisfait,Pas_du_tout_compétent,Oui,Oui_un_peu,Oui,Très_mauvaise,Peu_efficace,Oui
00000000013,INT00000013,OSC00013,Yamoussoukro,OSC_13,Respondant_13,Homme,Association,,2014,6,Agriculture,Urbain,0,,,,,,Satisfait,Très_satisfait,Très_satisfait,Très_compétent,Oui,Oui_totalement,Non,Très_bonne,Assez_efficace,Oui
00000000014,INT00000014,OSC00014,Korhogo,OSC_14,Respondant_14,Homme,Réseau,,2005,28,Transport,Rural,0,,,,,,Satisfait,Très_insatisfait,Très_insatisfait,Pas_du_tout_compétent,Oui,Oui_un_peu,Non,Très_mauvaise,Très_efficace,Non
00000000015,INT00000015,OSC00015,Bouaké,OSC_15,Respondant_15,Homme,Association,,2013,7,Agriculture,Mixte,0,,,,,,Insatisfait,Très_insatisfait,Satisfait,Pas_du_tout_compétent,Non,Oui_totalement,Non,Très_mauvaise,Pas_du_tout_efficace,Oui
00000000016,INT00000016,OSC00016,Bouaké,OSC_16,Respondant_16,Homme,Association,,2017,36,Transport,Urbain,0,,,,,,Très_insatisfait,Satisfait,Insatisfait,Pas_du_tout_compétent,Oui,Oui_totalement,Non,Mauvaise,Pas_du_tout_efficace,Oui
00000000017,INT00000017,OSC00017,Yopougon,OSC_17,Respondant_17,Homme,Syndicat,,2012,2,Transport,Mixte,1,,,,,,Satisfait,Satisfait,Satisfait,Très_compétent,Oui,Pas_du_tout,Non,Bonne,Assez_efficace,Oui
00000000018,INT00000018,OSC00018,Adjamé,OSC_18,Respondant_18,Homme,Association,,2009,40,Education,Urbain,0,,,,,,Satisfait,Très_satisfait,Insatisfait,Très_compétent,Non,Oui_un_peu,Oui,Très_mauvaise,Assez_efficace,Non
00000000019,INT00000019,OSC00019,PortBouet,OSC_19,Respondant_19,Homme,Réseau,,2001,33,Finance,Urbain,1,,,,,,Insatisfait,Insatisfait,Très_insatisfait,Peu_compétent,Non,Oui_totalement,Non,Très_bonne,Très_efficace,Oui
00000000020,INT00000020,OSC00020,Yopougon,OSC_20,Respondant_20,Homme,Syndicat,,2006,41,Transport,Mixte,1,,,,,,Satisfait,Satisfait,Insatisfait,Compétent,Oui,Oui_un_peu,Non,Bonne,Assez_efficace,Non
00000000021,INT00000021,OSC00021,Yamoussoukro,OSC_21,Respondant_21,Homme,ONG,,1996,9,Education,Urbain,1,,,,,,Insatisfait,Très_satisfait,Très_satisfait,Pas_du_tout_compétent,Non,Oui_totalement,Oui,Bonne,Très_efficace,Oui
00000000022,INT00000022,OSC00022,Adjamé,OSC_22,Respondant_22,Homme,Association,,1997,26,Finance,Urbain,0,,,,,,Satisfait,Très_satisfait,Très_insatisfait,Compétent,Non,Oui_totalement,Oui,Très_bonne,Peu_efficace,Oui
00000000023,INT00000023,OSC00023,Korhogo,OSC_23,Respondant_23,Femme,Syndicat,,2001,45,Agriculture,Rural,0,,,,,,Très_satisfait,Insatisfait,Insatisfait,Pas_du_tout_compétent,Non,Oui_totalement,Oui,Mauvaise,Peu_efficace,Oui
00000000024,INT00000024,OSC00024,Bouaké,OSC_24,Respondant_24,Femme,Réseau,,2007,33,Education,Urbain,1,,,,,,Très_insatisfait,Très_satisfait,Satisfait,Peu_compétent,Oui,Pas_du_tout,Non,Très_bonne,Peu_efficace,Non
00000000025,INT00000025,OSC00025,Yopougon,OSC_25,Respondant_25,Femme,Association,,2009,48,Santé,Mixte,1,,,,,,Très_insatisfait,Satisfait,Très_satisfait,Peu_compétent,Oui,Oui_un_peu,Oui,Très_mauvaise,Peu_efficace,Non
00000000026,INT00000026,OSC00026,Adjamé,OSC_26,Respondant_26,Homme,Syndicat,,2010,14,Santé,Urbain,1,,,,,,Très_satisfait,Très_insatisfait,Très_insatisfait,Pas_du_tout_compétent,Non,Pas_du_tout,Oui,Très_mauvaise,Pas_du_tout_efficace,Oui
00000000027,INT00000027,OSC00027,Adjamé,OSC_27,Respondant_27,Homme,Réseau,,2016,41,Administration,Urbain,1,,,,,,Insatisfait,Très_satisfait,Insatisfait,Pas_du_tout_compétent,Oui,Pas_du_tout,Oui,Très_mauvaise,Peu_efficace,Oui
00000000028,INT00000028,OSC00028,Korhogo,OSC_28,Respondant_28,Homme,Coopérative,,2002,46,Santé,Urbain,1,,,,,,Très_insatisfait,Très_insatisfait,Satisfait,Pas_du_tout_compétent,Non,Oui_un_peu,Oui,Très_mauvaise,Assez_efficace,Oui
00000000029,INT00000029,OSC00029,Abobo,OSC_29,Respondant_29,Homme,Association,,2012,23,Administration,Mixte,0,,,,,,Très_satisfait,Très_satisfait,Très_satisfait,Peu_compétent,Non,Oui_totalement,Oui,Très_mauvaise,Assez_efficace,Non
00000000030,INT00000030,OSC00030,Adjamé,OSC_30,Respondant_30,Homme,Réseau,,1999,2,Sécurité,Rural,0,,,,,,Insatisfait,Très_insatisfait,Satisfait,Pas_du_tout_compétent,Oui,Oui_totalement,Oui,Très_bonne,Peu_efficace,Oui
00000000031,INT00000031,OSC00031,Yamoussoukro,OSC_31,Respondant_31,Homme,Coopérative,,1998,41,Sécurité,Urbain,1,,,,,,Très_insatisfait,Très_satisfait,Très_insatisfait,Pas_du_tout_compétent,Oui,Oui_un_peu,Non,Très_mauvaise,Très_efficace,Non
00000000032,INT00000032,OSC00032,Yopougon,OSC_32,Respondant_32,Femme,Réseau,,2005,37,Agriculture,Mixte,0,,,,,,Très_insatisfait,Satisfait,Très_satisfait,Très_compétent,Non,Oui_totalement,Non,Très_mauvaise,Peu_efficace,Oui
00000000033,INT00000033,OSC00033,PortBouet,OSC_33,Respondant_33,Femme,Coopérative,,1999,21,Agriculture,Rural,1,,,,,,Très_satisfait,Très_insatisfait,Insatisfait,Peu_compétent,Non,Pas_du_tout,Oui,Très_bonne,Très_efficace,Oui
00000000034,INT00000034,OSC00034,Treichville,OSC_34,Respondant_34,Homme,Coopérative,,2001,11,Finance,Mixte,0,,,,,,Satisfait,Très_satisfait,Très_satisfait,Pas_du_tout_compétent,Non,Oui_totalement,Non,Mauvaise,Pas_du_tout_efficace,Non
00000000035,INT00000035,OSC00035,Abobo,OSC_35,Respondant_35,Femme,Syndicat,,1996,2,Education,Rural,0,,,,,,Satisfait,Très_satisfait,Très_satisfait,Très_compétent,Oui,Oui_un_peu,Oui,Très_bonne,Peu_efficace,Non
00000000036,INT00000036,OSC00036,PortBouet,OSC_36,Respondant_36,Homme,ONG,,2012,2,Finance,Rural,0,,,,,,Très_satisfait,Très_satisfait,Satisfait,Très_compétent,Oui,Oui_totalement,Oui,Très_bonne,Peu_efficace,Non
00000000037,INT00000037,OSC00037,Bouaké,OSC_37,Respondant_37,Homme,Réseau,,2010,16,Finance,Mixte,0,,,,,,Très_insatisfait,Très_insatisfait,Satisfait,Compétent,Non,Pas_du_tout,Non,Très_bonne,Peu_efficace,Oui
00000000038,INT00000038,OSC00038,Yamoussoukro,OSC_38,Respondant_38,Homme,Coopérative,,2016,37,Education,Rural,0,,,,,,Insatisfait,Satisfait,Très_satisfait,Très_compétent,Non,Oui_un_peu,Oui,Très_bonne,Peu_efficace,Oui
00000000039,INT00000039,OSC00039,Treichville,OSC_39,Respondant_39,Homme,ONG,,2003,37,Education,Rural,0,,,,,,Très_insatisfait,Très_insatisfait,Très_satisfait,Compétent,Non,Oui_totalement,Non,Très_mauvaise,Peu_efficace,Non
00000000040,INT00000040,OSC00040,Yopougon,OSC_40,Respondant_40,Homme,ONG,,1998,6,Education,Rural,0,,,,,,Satisfait,Satisfait,Très_satisfait,Compétent,Non,Pas_du_tout,Oui,Bonne,Très_efficace,Oui
00000000041,INT00000041,OSC00041,Cocody,OSC_41,Respondant_41,Homme,Association,,2003,11,Administration,Rural,1,,,,,,Insatisfait,Satisfait,Très_insatisfait,Compétent,Oui,Oui_totalement,Oui,Mauvaise,Très_efficace,Non
00000000042,INT00000042,OSC00042,PortBouet,OSC_42,Respondant_42,Homme,Association,,2015,3,Agriculture,Urbain,0,,,,,,Très_satisfait,Très_satisfait,Satisfait,Pas_du_tout_compétent,Non,Oui_totalement,Non,Mauvaise,Pas_du_tout_efficace,Non
00000000043,INT00000043,OSC00043,Korhogo,OSC_43,Respondant_43,Homme,Association,,2009,20,Sécurité,Mixte,1,,,,,,Insatisfait,Insatisfait,Satisfait,Peu_compétent,Non,Oui_un_peu,Oui,Très_bonne,Très_efficace,Non
00000000044,INT00000044,OSC00044,PortBouet,OSC_44,Respondant_44,Femme,Association,,2020,40,Sécurité,Rural,1,,,,,,Insatisfait,Insatisfait,Insatisfait,Pas_du_tout_compétent,Oui,Oui_un_peu,Non,Mauvaise,Peu_efficace,Oui
00000000045,INT00000045,OSC00045,Adjamé,OSC_45,Respondant_45,Femme,Syndicat,,2012,18,Santé,Rural,1,,,,,,Insatisfait,Très_satisfait,Insatisfait,Compétent,Non,Oui_totalement,Non,Bonne,Très_efficace,Oui
00000000046,INT00000046,OSC00046,Cocody,OSC_46,Respondant_46,Femme,Syndicat,,2023,7,Education,Mixte,1,,,,,,Très_insatisfait,Satisfait,Très_insatisfait,Peu_compétent,Oui,Oui_un_peu,Oui,Très_bonne,Pas_du_tout_efficace,Oui
00000000047,INT00000047,OSC00047,Adjamé,OSC_47,Respondant_47,Homme,Coopérative,,1997,3,Finance,Urbain,1,,,,,,Satisfait,Très_satisfait,Satisfait,Compétent,Oui,Oui_un_peu,Oui,Très_mauvaise,Très_efficace,Oui
00000000048,INT00000048,OSC00048,Daloa,OSC_48,Respondant_48,Femme,Réseau,,2018,8,Finance,Rural,1,,,,,,Satisfait,Insatisfait,Insatisfait,Très_compétent,Non,Pas_du_tout,Non,Mauvaise,Peu_efficace,Oui
00000000049,INT00000049,OSC00049,Adjamé,OSC_49,Respondant_49,Femme,Réseau,,2010,46,Finance,Urbain,0,,,,,,Très_satisfait,Très_insatisfait,Satisfait,Compétent,Non,Oui_un_peu,Non,Très_mauvaise,Pas_du_tout_efficace,Non
00000000050,INT00000050,OSC00050,Bouaké,OSC_50,Respondant_50,Femme,ONG,,1998,13,Education,Rural,0,,,,,,Très_insatisfait,Insatisfait,Satisfait,Très_compétent,Non,Oui_un_peu,Oui,Très_mauvaise,Assez_efficace,Non
00000000051,INT00000051,OSC00051,Yamoussoukro,OSC_51,Respondant_51,Femme,Syndicat,,2003,29,Transport,Rural,1,,,,,,Très_insatisfait,Très_satisfait,Satisfait,Compétent,Non,Pas_du_tout,Oui,Mauvaise,Pas_du_tout_efficace,Oui
00000000052,INT00000052,OSC00052,Yopougon,OSC_52,Respondant_52,Femme,ONG,,2019,34,Agriculture,Urbain,1,,,,,,Très_insatisfait,Insatisfait,Très_insatisfait,Peu_compétent,Oui,Oui_un_peu,Non,Mauvaise,Assez_efficace,Non
00000000053,INT00000053,OSC00053,Yopougon,OSC_53,Respondant_53,Femme,Coopérative,,2003,44,Transport,Mixte,0,,,,,,Très_satisfait,Très_satisfait,Insatisfait,Peu_compétent,Oui,Pas_du_tout,Non,Mauvaise,Pas_du_tout_efficace,Non
00000000054,INT00000054,OSC00054,Adjamé,OSC_54,Respondant_54,Homme,Association,,2015,27,Agriculture,Mixte,1,,,,,,Très_satisfait,Satisfait,Très_insatisfait,Très_compétent,Oui,Oui_un_peu,Oui,Très_bonne,Pas_du_tout_efficace,Non
00000000055,INT00000055,OSC00055,PortBouet,OSC_55,Respondant_55,Femme,Association,,2022,22,Transport,Rural,1,,,,,,Très_insatisfait,Satisfait,Très_insatisfait,Compétent,Non,Pas_du_tout,Oui,Très_mauvaise,Pas_du_tout_efficace,Oui
00000000056,INT00000056,OSC00056,Korhogo,OSC_56,Respondant_56,Homme,ONG,,1997,3,Agriculture,Rural,1,,,,,,Très_satisfait,Satisfait,Insatisfait,Pas_du_tout_compétent,Non,Oui_totalement,Oui,Très_bonne,Peu_efficace,Oui
00000000057,INT00000057,OSC00057,Adjamé,OSC_57,Respondant_57,Femme,ONG,,2004,21,Santé,Rural,0,,,,,,Satisfait,Très_insatisfait,Satisfait,Pas_du_tout_compétent,Non,Oui_un_peu,Oui,Mauvaise,Pas_du_tout_efficace,Oui
00000000058,INT00000058,OSC00058,Abobo,OSC_58,Respondant_58,Homme,Coopérative,,2025,30,Agriculture,Rural,0,,,,,,Très_insatisfait,Insatisfait,Très_satisfait,Pas_du_tout_compétent,Oui,Oui_un_peu,Non,Très_mauvaise,Pas_du_tout_efficace,Non
00000000059,INT00000059,OSC00059,Treichville,OSC_59,Respondant_59,Homme,Association,,2017,37,Santé,Urbain,1,,,,,,Très_satisfait,Très_satisfait,Très_insatisfait,Compétent,Non,Oui_un_peu,Oui,Très_mauvaise,Très_efficace,Non
00000000060,INT00000060,OSC00060,Treichville,OSC_60,Respondant_60,Homme,Association,,2016,32,Transport,Urbain,0,,,,,,Très_satisfait,Très_insatisfait,Très_insatisfait,Très_compétent,Non,Oui_totalement,Oui,Bonne,Assez_efficace,Non
00000000061,INT00000061,OSC00061,PortBouet,OSC_61,Respondant_61,Homme,Coopérative,,2005,31,Education,Mixte,1,,,,,,Insatisfait,Très_insatisfait,Insatisfait,Peu_compétent,Oui,Pas_du_tout,Oui,Très_bonne,Très_efficace,Oui
00000000062,INT00000062,OSC00062,Abobo,OSC_62,Respondant_62,Homme,Réseau,,2003,33,Agriculture,Urbain,0,,,,,,Insatisfait,Insatisfait,Très_satisfait,Très_compétent,Oui,Oui_un_peu,Non,Mauvaise,Très_efficace,Non
00000000063,INT00000063,OSC00063,Abobo,OSC_63,Respondant_63,Homme,Coopérative,,2017,14,Agriculture,Mixte,0,,,,,,Très_satisfait,Très_satisfait,Très_satisfait,Compétent,Oui,Pas_du_tout,Non,Très_bonne,Peu_efficace,Oui
00000000064,INT00000064,OSC00064,PortBouet,OSC_64,Respondant_64,Homme,Syndicat,,2002,2,Sécurité,Rural,0,,,,,,Insatisfait,Très_satisfait,Satisfait,Pas_du_tout_compétent,Non,Pas_du_tout,Non,Très_mauvaise,Assez_efficace,Non
00000000065,INT00000065,OSC00065,Treichville,OSC_65,Respondant_65,Femme,Réseau,,2012,31,Santé,Rural,1,,,,,,Insatisfait,Insatisfait,Très_satisfait,Peu_compétent,Non,Oui_un_peu,Non,Très_bonne,Très_efficace,Oui
00000000066,INT00000066,OSC00066,Yamoussoukro,OSC_66,Respondant_66,Homme,Association,,2021,32,Santé,Urbain,0,,,,,,Très_satisfait,Très_satisfait,Insatisfait,Peu_compétent,Oui,Pas_du_tout,Oui,Bonne,Très_efficace,Oui
00000000067,INT00000067,OSC00067,Daloa,OSC_67,Respondant_67,Homme,ONG,,2013,46,Education,Urbain,0,,,,,,Très_insatisfait,Très_insatisfait,Satisfait,Très_compétent,Oui,Oui_totalement,Non,Mauvaise,Pas_du_tout_efficace,Oui
00000000068,INT00000068,OSC00068,Korhogo,OSC_68,Respondant_68,Homme,Association,,2000,21,Education,Rural,0,,,,,,Très_insatisfait,Très_satisfait,Très_satisfait,Pas_du_tout_compétent,Oui,Pas_du_tout,Oui,Très_bonne,Assez_efficace,Oui
00000000069,INT00000069,OSC00069,Daloa,OSC_69,Respondant_69,Femme,Syndicat,,2019,45,Finance,Mixte,0,,,,,,Très_insatisfait,Très_insatisfait,Très_satisfait,Très_compétent,Non,Pas_du_tout,Oui,Très_bonne,Peu_efficace,Non
00000000070,INT00000070,OSC00070,Korhogo,OSC_70,Respondant_70,Homme,Coopérative,,2018,31,Agriculture,Urbain,1,,,,,,Insatisfait,Satisfait,Insatisfait,Peu_compétent,Oui,Oui_un_peu,Oui,Bonne,Pas_du_tout_efficace,Oui
00000000071,INT00000071,OSC00071,Bouaké,OSC_71,Respondant_71,Homme,Réseau,,2005,37,Transport,Mixte,1,,,,,,Satisfait,Insatisfait,Très_satisfait,Très_compétent,Oui,Pas_du_tout,Oui,Très_bonne,Assez_efficace,Non
00000000072,INT00000072,OSC00072,PortBouet,OSC_72,Respondant_72,Homme,Réseau,,2024,18,Education,Rural,0,,,,,,Très_satisfait,Très_insatisfait,Satisfait,Compétent,Oui,Oui_un_peu,Non,Très_bonne,Assez_efficace,Oui
00000000073,INT00000073,OSC00073,PortBouet,OSC_73,Respondant_73,Homme,Association,,2003,25,Administration,Rural,1,,,,,,Insatisfait,Très_insatisfait,Très_insatisfait,Compétent,Non,Oui_totalement,Non,Mauvaise,Pas_du_tout_efficace,Oui
00000000074,INT00000074,OSC00074,Yopougon,OSC_74,Respondant_74,Homme,ONG,,2018,7,Sécurité,Rural,1,,,,,,Très_satisfait,Très_satisfait,Insatisfait,Très_compétent,Oui,Oui_totalement,Oui,Mauvaise,Pas_du_tout_efficace,Non
00000000075,INT00000075,OSC00075,Adjamé,OSC_75,Respondant_75,Homme,ONG,,2006,33,Administration,Mixte,1,,,,,,Satisfait,Insatisfait,Satisfait,Peu_compétent,Oui,Oui_un_peu,Non,Très_mauvaise,Assez_efficace,Non
00000000076,INT00000076,OSC00076,Cocody,OSC_76,Respondant_76,Femme,Coopérative,,2022,32,Agriculture,Mixte,0,,,,,,Très_insatisfait,Satisfait,Très_satisfait,Compétent,Oui,Oui_totalement,Oui,Mauvaise,Très_efficace,Non
00000000077,INT00000077,OSC00077,Abobo,OSC_77,Respondant_77,Homme,Association,,2005,49,Finance,Rural,1,,,,,,Très_satisfait,Insatisfait,Insatisfait,Peu_compétent,Non,Pas_du_tout,Oui,Bonne,Très_efficace,Oui
00000000078,INT00000078,OSC00078,Adjamé,OSC_78,Respondant_78,Homme,Coopérative,,2012,42,Transport,Rural,0,,,,,,Insatisfait,Très_satisfait,Très_satisfait,Compétent,Oui,Oui_un_peu,Oui,Bonne,Assez_efficace,Oui
00000000079,INT00000079,OSC00079,Yopougon,OSC_79,Respondant_79,Femme,Association,,2003,30,Agriculture,Urbain,1,,,,,,Très_insatisfait,Très_satisfait,Très_insatisfait,Très_compétent,Oui,Pas_du_tout,Oui,Mauvaise,Très_efficace,Oui
00000000080,INT00000080,OSC00080,Bouaké,OSC_80,Respondant_80,Homme,ONG,,2001,6,Education,Urbain,0,,,,,,Très_insatisfait,Insatisfait,Très_satisfait,Très_compétent,Non,Oui_un_peu,Oui,Très_bonne,Assez_efficace,Non
00000000081,INT00000081,OSC00081,Yamoussoukro,OSC_81,Respondant_81,Homme,ONG,,2007,25,Education,Urbain,1,,,,,,Satisfait,Satisfait,Très_insatisfait,Très_compétent,Oui,Oui_totalement,Non,Très_bonne,Peu_efficace,Non
00000000082,INT00000082,OSC00082,Bouaké,OSC_82,Respondant_82,Homme,Coopérative,,1998,8,Finance,Rural,1,,,,,,Insatisfait,Très_satisfait,Très_insatisfait,Compétent,Non,Pas_du_tout,Oui,Très_mauvaise,Pas_du_tout_efficace,Oui
00000000083,INT00000083,OSC00083,Daloa,OSC_83,Respondant_83,Homme,ONG,,2006,4,Transport,Rural,1,,,,,,Très_satisfait,Satisfait,Satisfait,Pas_du_tout_compétent,Oui,Oui_totalement,Non,Mauvaise,Très_efficace,Non
00000000084,INT00000084,OSC00084,PortBouet,OSC_84,Respondant_84,Femme,Association,,2008,25,Sécurité,Urbain,0,,,,,,Insatisfait,Insatisfait,Insatisfait,Compétent,Oui,Oui_totalement,Oui,Très_mauvaise,Peu_efficace,Non
00000000085,INT00000085,OSC00085,PortBouet,OSC_85,Respondant_85,Femme,Coopérative,,2003,50,Sécurité,Rural,1,,,,,,Très_satisfait,Insatisfait,Très_insatisfait,Peu_compétent,Non,Oui_totalement,Non,Bonne,Très_efficace,Non
00000000086,INT00000086,OSC00086,PortBouet,OSC_86,Respondant_86,Homme,Association,,2012,2,Transport,Urbain,1,,,,,,Très_satisfait,Satisfait,Satisfait,Peu_compétent,Oui,Pas_du_tout,Oui,Très_bonne,Peu_efficace,Oui
00000000087,INT00000087,OSC00087,Yamoussoukro,OSC_87,Respondant_87,Femme,ONG,,2006,40,Administration,Urbain,1,,,,,,Satisfait,Très_insatisfait,Très_insatisfait,Pas_du_tout_compétent,Oui,Oui_totalement,Non,Mauvaise,Assez_efficace,Non
00000000088,INT00000088,OSC00088,Treichville,OSC_88,Respondant_88,Femme,Association,,2023,11,Transport,Urbain,0,,,,,,Satisfait,Très_insatisfait,Très_insatisfait,Compétent,Oui,Oui_totalement,Oui,Très_bonne,Très_efficace,Oui
00000000089,INT00000089,OSC00089,Abobo,OSC_89,Respondant_89,Femme,ONG,,2000,48,Education,Urbain,0,,,,,,Insatisfait,Très_insatisfait,Insatisfait,Compétent,Oui,Oui_totalement,Oui,Mauvaise,Peu_efficace,Oui
00000000090,INT00000090,OSC00090,Adjamé,OSC_90,Respondant_90,Femme,Réseau,,2025,27,Administration,Urbain,1,,,,,,Très_insatisfait,Très_insatisfait,Insatisfait,Peu_compétent,Non,Oui_totalement,Oui,Mauvaise,Assez_efficace,Non
00000000091,INT00000091,OSC00091,Cocody,OSC_91,Respondant_91,Femme,Association,,1999,9,Finance,Urbain,0,,,,,,Très_satisfait,Satisfait,Très_insatisfait,Compétent,Oui,Oui_un_peu,Oui,Très_mauvaise,Assez_efficace,Non
00000000092,INT00000092,OSC00092,Korhogo,OSC_92,Respondant_92,Femme,Réseau,,2022,35,Agriculture,Rural,0,,,,,,Très_insatisfait,Très_insatisfait,Insatisfait,Peu_compétent,Non,Oui_totalement,Oui,Bonne,Très_efficace,Oui
00000000093,INT00000093,OSC00093,PortBouet,OSC_93,Respondant_93,Homme,Syndicat,,2005,32,Education,Urbain,1,,,,,,Insatisfait,Insatisfait,Très_satisfait,Peu_compétent,Non,Oui_totalement,Non,Mauvaise,Très_efficace,Non
00000000094,INT00000094,OSC00094,Korhogo,OSC_94,Respondant_94,Femme,Syndicat,,2024,33,Finance,Urbain,0,,,,,,Très_insatisfait,Satisfait,Très_satisfait,Pas_du_tout_compétent,Non,Pas_du_tout,Oui,Très_mauvaise,Assez_efficace,Oui
00000000095,INT00000095,OSC00095,Korhogo,OSC_95,Respondant_95,Femme,Coopérative,,2023,43,Santé,Rural,0,,,,,,Très_insatisfait,Très_insatisfait,Très_satisfait,Pas_du_tout_compétent,Oui,Oui_totalement,Non,Mauvaise,Très_efficace,Oui
00000000096,INT00000096,OSC00096,Bouaké,OSC_96,Respondant_96,Homme,Syndicat,,2014,23,Finance,Rural,1,,,,,,Satisfait,Très_insatisfait,Satisfait,Très_compétent,Oui,Oui_un_peu,Oui,Très_bonne,Peu_efficace,Oui
00000000097,INT00000097,OSC00097,Adjamé,OSC_97,Respondant_97,Femme,Coopérative,,2004,1,Transport,Urbain,0,,,,,,Très_satisfait,Très_satisfait,Très_insatisfait,Très_compétent,Non,Pas_du_tout,Oui,Très_bonne,Peu_efficace,Non
00000000098,INT00000098,OSC00098,Yamoussoukro,OSC_98,Respondant_98,Femme,Association,,2010,22,Sécurité,Urbain,0,,,,,,Très_satisfait,Très_satisfait,Insatisfait,Peu_compétent,Oui,Oui_totalement,Non,Très_bonne,Peu_efficace,Non
00000000099,INT00000099,OSC00099,PortBouet,OSC_99,Respondant_99,Homme,Coopérative,,2023,13,Administration,Rural,0,,,,,,Très_insatisfait,Très_insatisfait,Satisfait,Pas_du_tout_compétent,Non,Oui_un_peu,Non,Mauvaise,Assez_efficace,Non
00000000100,INT00000100,OSC00100,Treichville,OSC_100,Respondant_100,Femme,Syndicat,,2010,34,Transport,Rural,1,,,,,,Insatisfait,Satisfait,Satisfait,Pas_du_tout_compétent,Oui,Oui_totalement,Non,Très_mauvaise,Très_efficace,Oui
00000000101,INT00000101,OSC00101,Adjamé,OSC_101,Respondant_101,Homme,Coopérative,,2004,29,Administration,Rural,0,,,,,,Insatisfait,Insatisfait,Très_insatisfait,Compétent,Non,Oui_totalement,Oui,Très_mauvaise,Peu_efficace,Non
00000000102,INT00000102,OSC00102,Daloa,OSC_102,Respondant_102,Homme,Association,,2007,24,Finance,Mixte,1,,,,,,Très_insatisfait,Très_satisfait,Très_satisfait,Pas_du_tout_compétent,Non,Oui_un_peu,Non,Bonne,Peu_efficace,Oui
00000000103,INT00000103,OSC00103,Daloa,OSC_103,Respondant_103,Femme,ONG,,2009,21,Transport,Rural,0,,,,,,Très_insatisfait,Très_insatisfait,Insatisfait,Compétent,Non,Oui_totalement,Oui,Bonne,Très_efficace,Non
00000000104,INT00000104,OSC00104,Adjamé,OSC_104,Respondant_104,Femme,Coopérative,,2019,41,Finance,Rural,1,,,,,,Très_insatisfait,Insatisfait,Très_insatisfait,Compétent,Oui,Oui_totalement,Oui,Bonne,Très_efficace,Oui
00000000105,INT00000105,OSC00105,Yopougon,OSC_105,Respondant_105,Femme,Association,,1998,15,Santé,Rural,0,,,,,,Très_insatisfait,Insatisfait,Satisfait,Pas_du_tout_compétent,Oui,Oui_totalement,Non,Mauvaise,Pas_du_tout_efficace,Non
00000000106,INT00000106,OSC00106,PortBouet,OSC_106,Respondant_106,Homme,Coopérative,,2004,9,Finance,Urbain,1,,,,,,Très_satisfait,Insatisfait,Satisfait,Peu_compétent,Oui,Pas_du_tout,Non,Très_bonne,Très_efficace,Oui
00000000107,INT00000107,OSC00107,Yopougon,OSC_107,Respondant_107,Homme,ONG,,1996,31,Agriculture,Mixte,0,,,,,,Satisfait,Très_satisfait,Très_satisfait,Peu_compétent,Oui,Oui_totalement,Oui,Très_mauvaise,Très_efficace,Non
00000000108,INT00000108,OSC00108,Treichville,OSC_108,Respondant_108,Femme,Réseau,,2022,40,Santé,Rural,0,,,,,,Très_satisfait,Très_insatisfait,Insatisfait,Très_compétent,Oui,Oui_totalement,Non,Très_bonne,Pas_du_tout_efficace,Non
00000000109,INT00000109,OSC00109,Bouaké,OSC_109,Respondant_109,Homme,ONG,,2005,50,Transport,Urbain,1,,,,,,Insatisfait,Insatisfait,Satisfait,Pas_du_tout_compétent,Oui,Oui_un_peu,Non,Mauvaise,Assez_efficace,Non
00000000110,INT00000110,OSC00110,Korhogo,OSC_110,Respondant_110,Femme,Syndicat,,2022,10,Administration,Rural,1,,,,,,Très_satisfait,Satisfait,Satisfait,Très_compétent,Non,Oui_totalement,Oui,Mauvaise,Assez_efficace,Oui
00000000111,INT00000111,OSC00111,Yamoussoukro,OSC_111,Respondant_111,Homme,Coopérative,,2002,40,Agriculture,Urbain,0,,,,,,Très_insatisfait,Très_insatisfait,Insatisfait,Peu_compétent,Oui,Oui_un_peu,Oui,Très_mauvaise,Pas_du_tout_efficace,Oui
00000000112,INT00000112,OSC00112,Yamoussoukro,OSC_112,Respondant_112,Femme,Association,,2015,23,Administration,Urbain,1,,,,,,Satisfait,Insatisfait,Insatisfait,Compétent,Oui,Oui_un_peu,Non,Bonne,Assez_efficace,Non
00000000113,INT00000113,OSC00113,Abobo,OSC_113,Respondant_113,Homme,Syndicat,,2019,22,Administration,Mixte,1,,,,,,Insatisfait,Très_insatisfait,Insatisfait,Très_compétent,Oui,Pas_du_tout,Non,Bonne,Très_efficace,Oui
00000000114,INT00000114,OSC00114,Treichville,OSC_114,Respondant_114,Femme,ONG,,2019,27,Education,Mixte,1,,,,,,Très_insatisfait,Insatisfait,Insatisfait,Très_compétent,Non,Oui_totalement,Oui,Très_bonne,Peu_efficace,Non
00000000115,INT00000115,OSC00115,Adjamé,OSC_115,Respondant_115,Femme,Réseau,,2015,15,Sécurité,Rural,0,,,,,,Insatisfait,Insatisfait,Insatisfait,Compétent,Non,Oui_totalement,Oui,Très_bonne,Très_efficace,Non
00000000116,INT00000116,OSC00116,Cocody,OSC_116,Respondant_116,Homme,Coopérative,,2014,40,Santé,Urbain,0,,,,,,Satisfait,Très_insatisfait,Insatisfait,Peu_compétent,Oui,Oui_un_peu,Non,Mauvaise,Assez_efficace,Oui
00000000117,INT00000117,OSC00117,Adjamé,OSC_117,Respondant_117,Homme,Syndicat,,2001,1,Finance,Rural,0,,,,,,Très_satisfait,Satisfait,Très_insatisfait,Très_compétent,Non,Oui_un_peu,Non,Mauvaise,Peu_efficace,Non
00000000118,INT00000118,OSC00118,Bouaké,OSC_118,Respondant_118,Homme,Réseau,,1998,43,Education,Rural,0,,,,,,Satisfait,Très_satisfait,Très_insatisfait,Pas_du_tout_compétent,Non,Oui_un_peu,Oui,Mauvaise,Assez_efficace,Non
00000000119,INT00000119,OSC00119,Yamoussoukro,OSC_119,Respondant_119,Homme,Syndicat,,2019,7,Santé,Mixte,0,,,,,,Insatisfait,Insatisfait,Très_insatisfait,Compétent,Non,Pas_du_tout,Oui,Mauvaise,Assez_efficace,Non
00000000120,INT00000120,OSC00120,Adjamé,OSC_120,Respondant_120,Homme,ONG,,2021,33,Sécurité,Urbain,1,,,,,,Insatisfait,Très_satisfait,Très_insatisfait,Peu_compétent,Non,Oui_un_peu,Oui,Très_bonne,Peu_efficace,Oui
00000000121,INT00000121,OSC00121,Adjamé,OSC_121,Respondant_121,Homme,Réseau,,2013,5,Santé,Rural,0,,,,,,Satisfait,Insatisfait,Insatisfait,Pas_du_tout_compétent,Oui,Pas_du_tout,Non,Bonne,Assez_efficace,Oui
00000000122,INT00000122,OSC00122,PortBouet,OSC_122,Respondant_122,Femme,ONG,,2013,33,Sécurité,Mixte,0,,,,,,Insatisfait,Très_satisfait,Très_insatisfait,Pas_du_tout_compétent,Non,Oui_un_peu,Oui,Très_mauvaise,Pas_du_tout_efficace,Oui
00000000123,INT00000123,OSC00123,Abobo,OSC_123,Respondant_123,Homme,Coopérative,,2008,27,Transport,Rural,0,,,,,,Satisfait,Très_insatisfait,Très_insatisfait,Pas_du_tout_compétent,Non,Oui_un_peu,Non,Mauvaise,Peu_efficace,Oui
00000000124,INT00000124,OSC00124,Abobo,OSC_124,Respondant_124,Homme,Syndicat,,2011,48,Agriculture,Rural,1,,,,,,Très_insatisfait,Satisfait,Insatisfait,Pas_du_tout_compétent,Oui,Pas_du_tout,Non,Bonne,Assez_efficace,Non
00000000125,INT00000125,OSC00125,Abobo,OSC_125,Respondant_125,Homme,ONG,,2008,16,Education,Urbain,0,,,,,,Très_insatisfait,Très_satisfait,Satisfait,Peu_compétent,Non,Pas_du_tout,Non,Très_bonne,Pas_du_tout_efficace,Oui
00000000126,INT00000126,OSC00126,PortBouet,OSC_126,Respondant_126,Homme,Syndicat,,2019,33,Administration,Urbain,0,,,,,,Satisfait,Insatisfait,Satisfait,Compétent,Non,Oui_un_peu,Non,Très_bonne,Pas_du_tout_efficace,Non
00000000127,INT00000127,OSC00127,Cocody,OSC_127,Respondant_127,Femme,Réseau,,2004,44,Education,Urbain,0,,,,,,Très_insatisfait,Très_insatisfait,Très_insatisfait,Très_compétent,Non,Pas_du_tout,Non,Bonne,Très_efficace,Non
00000000128,INT00000128,OSC00128,Korhogo,OSC_128,Respondant_128,Femme,Syndicat,,2009,16,Transport,Rural,1,,,,,,Très_satisfait,Insatisfait,Insatisfait,Très_compétent,Oui,Oui_un_peu,Oui,Mauvaise,Pas_du_tout_efficace,Non
00000000129,INT00000129,OSC00129,Yamoussoukro,OSC_129,Respondant_129,Homme,ONG,,2021,27,Agriculture,Rural,0,,,,,,Très_satisfait,Très_satisfait,Insatisfait,Compétent,Oui,Oui_totalement,Oui,Très_bonne,Assez_efficace,Non
00000000130,INT00000130,OSC00130,Korhogo,OSC_130,Respondant_130,Femme,Association,,2016,30,Transport,Mixte,1,,,,,,Très_insatisfait,Satisfait,Satisfait,Compétent,Oui,Oui_un_peu,Non,Très_bonne,Assez_efficace,Oui
00000000131,INT00000131,OSC00131,Daloa,OSC_131,Respondant_131,Homme,Réseau,,2008,32,Transport,Rural,0,,,,,,Très_satisfait,Très_satisfait,Très_insatisfait,Compétent,Oui,Oui_totalement,Non,Très_mauvaise,Pas_du_tout_efficace,Oui
00000000132,INT00000132,OSC00132,Yopougon,OSC_132,Respondant_132,Homme,Coopérative,,1998,7,Sécurité,Mixte,1,,,,,,Insatisfait,Satisfait,Très_satisfait,Très_compétent,Oui,Oui_un_peu,Oui,Mauvaise,Peu_efficace,Non
00000000133,INT00000133,OSC00133,Daloa,OSC_133,Respondant_133,Homme,Syndicat,,2009,36,Finance,Rural,0,,,,,,Très_insatisfait,Très_insatisfait,Très_satisfait,Peu_compétent,Oui,Pas_du_tout,Non,Très_mauvaise,Assez_efficace,Oui
00000000134,INT00000134,OSC00134,Yopougon,OSC_134,Respondant_134,Femme,Réseau,,2014,24,Education,Mixte,0,,,,,,Très_satisfait,Très_insatisfait,Très_insatisfait,Pas_du_tout_compétent,Non,Oui_un_peu,Non,Très_bonne,Assez_efficace,Oui
00000000135,INT00000135,OSC00135,Bouaké,OSC_135,Respondant_135,Femme,Syndicat,,2022,28,Education,Urbain,0,,,,,,Très_insatisfait,Satisfait,Très_satisfait,Peu_compétent,Oui,Oui_un_peu,Oui,Mauvaise,Pas_du_tout_efficace,Oui
00000000136,INT00000136,OSC00136,Korhogo,OSC_136,Respondant_136,Femme,ONG,,2014,7,Education,Rural,1,,,,,,Très_satisfait,Satisfait,Insatisfait,Très_compétent,Non,Pas_du_tout,Non,Très_mauvaise,Très_efficace,Oui
00000000137,INT00000137,OSC00137,Bouaké,OSC_137,Respondant_137,Homme,Coopérative,,2018,20,Transport,Urbain,1,,,,,,Satisfait,Très_satisfait,Satisfait,Compétent,Oui,Oui_totalement,Oui,Bonne,Pas_du_tout_efficace,Oui
00000000138,INT00000138,OSC00138,Yopougon,OSC_138,Respondant_138,Homme,Association,,2014,39,Sécurité,Rural,0,,,,,,Insatisfait,Satisfait,Très_satisfait,Peu_compétent,Oui,Oui_un_peu,Oui,Bonne,Assez_efficace,Oui
00000000139,INT00000139,OSC00139,Yopougon,OSC_139,Respondant_139,Homme,Coopérative,,2023,12,Finance,Urbain,1,,,,,,Très_insatisfait,Très_insatisfait,Insatisfait,Peu_compétent,Oui,Pas_du_tout,Non,Très_mauvaise,Pas_du_tout_efficace,Non
00000000140,INT00000140,OSC00140,Treichville,OSC_140,Respondant_140,Femme,Réseau,,2008,1,Administration,Mixte,0,,,,,,Satisfait,Insatisfait,Satisfait,Pas_du_tout_compétent,Non,Oui_un_peu,Non,Mauvaise,Très_efficace,Non
00000000141,INT00000141,OSC00141,Yamoussoukro,OSC_141,Respondant_141,Femme,Réseau,,1999,39,Administration,Urbain,1,,,,,,Satisfait,Insatisfait,Très_insatisfait,Très_compétent,Non,Oui_totalement,Oui,Mauvaise,Peu_efficace,Non
00000000142,INT00000142,OSC00142,Treichville,OSC_142,Respondant_142,Homme,Réseau,,2022,29,Agriculture,Urbain,0,,,,,,Satisfait,Très_insatisfait,Très_satisfait,Très_compétent,Oui,Oui_un_peu,Oui,Très_bonne,Peu_efficace,Oui
00000000143,INT00000143,OSC00143,Daloa,OSC_143,Respondant_143,Homme,Syndicat,,2005,1,Santé,Mixte,1,,,,,,Très_satisfait,Satisfait,Satisfait,Peu_compétent,Oui,Oui_un_peu,Oui,Bonne,Pas_du_tout_efficace,Oui
00000000144,INT00000144,OSC00144,PortBouet,OSC_144,Respondant_144,Homme,ONG,,2012,10,Sécurité,Urbain,1,,,,,,Satisfait,Très_insatisfait,Insatisfait,Peu_compétent,Oui,Oui_totalement,Non,Bonne,Peu_efficace,Non
00000000145,INT00000145,OSC00145,Adjamé,OSC_145,Respondant_145,Femme,ONG,,2009,11,Education,Mixte,0,,,,,,Très_satisfait,Très_insatisfait,Très_insatisfait,Peu_compétent,Oui,Pas_du_tout,Oui,Très_bonne,Très_efficace,Non
00000000146,INT00000146,OSC00146,Yamoussoukro,OSC_146,Respondant_146,Femme,Coopérative,,1997,40,Finance,Rural,0,,,,,,Très_insatisfait,Satisfait,Très_insatisfait,Peu_compétent,Non,Oui_totalement,Oui,Mauvaise,Pas_du_tout_efficace,Non
00000000147,INT00000147,OSC00147,Adjamé,OSC_147,Respondant_147,Femme,Association,,2006,34,Education,Mixte,1,,,,,,Très_insatisfait,Très_satisfait,Très_satisfait,Pas_du_tout_compétent,Oui,Oui_totalement,Oui,Bonne,Pas_du_tout_efficace,Oui
00000000148,INT00000148,OSC00148,PortBouet,OSC_148,Respondant_148,Femme,ONG,,2019,17,Sécurité,Rural,0,,,,,,Très_insatisfait,Satisfait,Très_insatisfait,Compétent,Non,Oui_totalement,Non,Très_mauvaise,Assez_efficace,Oui
00000000149,INT00000149,OSC00149,Yopougon,OSC_149,Respondant_149,Homme,Syndicat,,2003,16,Finance,Rural,1,,,,,,Très_satisfait,Satisfait,Très_insatisfait,Compétent,Oui,Pas_du_tout,Oui,Bonne,Pas_du_tout_efficace,Non
00000000150,INT00000150,OSC00150,Adjamé,OSC_150,Respondant_150,Homme,Syndicat,,2016,27,Santé,Urbain,1,,,,,,Insatisfait,Très_insatisfait,Satisfait,Pas_du_tout_compétent,Oui,Pas_du_tout,Oui,Bonne,Pas_du_tout_efficace,Oui
