interview__key,interview__id,ip1,localite,structure,code_ppsp,intitule_ppsp,qp11,qp13,qp44,qp451,sssys_irnd,has__errors,interview__status,assignment__id,secteur,Code_secteur,qp12,qp14,qp15,qp21,qp22,qp31__1,qp31__2,qp31__3,qp31__4,qp32,qp41,qp42,qp43__1,qp43__2,qp43__3,qp43__4,qp43__5,qp45,qp46__1,qp46__2,qp51__1,qp51__2,qp51__3,qp51__4,qp52,qp61,qp62,qp63,qp64,qp65,qp651__1,qp651__2
00000000001,00000000000000000000001000,IP_1,LOC1,Structure_1,177,PPSP_177,2,4,2,1,.36208645,0,101,1404,Secteur_3,5,Non,Oui,Oui,Oui,Non,Non,Non,Oui,Oui,Non,Non,Oui,Oui,Oui,Non,Oui,Oui,Oui,Oui,Oui,Non,Oui,Oui,Non,Oui,Non,Oui,Oui,Non,Non,Non,Non
00000000002,00000000000000000000002000,IP_2,LOC2,Structure_2,763,PPSP_763,11,0,2,0,.25188482,0,90,1683,Secteur_4,7,Oui,Non,Oui,Oui,Oui,Oui,Non,Oui,Oui,Oui,Oui,Non,Non,Non,Non,Non,Non,Non,Oui,Oui,Non,Oui,Oui,Oui,Oui,Oui,Oui,Non,Oui,Oui,Non,Non
00000000003,00000000000000000000003000,IP_3,LOC3,Structure_3,862,PPSP_862,11,0,2,2,.077331156,0,126,1522,Secteur_8,9,Oui,Oui,Oui,Non,Non,Oui,Oui,Non,Oui,Oui,Non,Oui,Non,Oui,Oui,Oui,Oui,Oui,Oui,Non,Oui,Oui,Non,Oui,Oui,Oui,Oui,Oui,Oui,Oui,Oui,Non
00000000004,00000000000000000000004000,IP_4,LOC4,Structure_4,646,PPSP_646,4,3,4,0,.019125558,0,130,1660,Secteur_7,2,Non,Oui,Oui,Oui,Oui,Non,Oui,Oui,Oui,Oui,Oui,Non,Non,Non,Non,Non,Non,Non,Non,Oui,Oui,Oui,Non,Non,Non,Oui,Oui,Oui,Non,Non,Non,Non
00000000005,00000000000000000000005000,IP_5,LOC5,Structure_5,170,PPSP_170,10,0,4,3,.6697762,0,69,1326,Secteur_5,2,Oui,Oui,Oui,Oui,Non,Non,Oui,Non,Oui,Oui,Non,Oui,Oui,Oui,Oui,Oui,Oui,Oui,Oui,Non,Oui,Oui,Oui,Oui,Oui,Oui,Non,Oui,Oui,Oui,Oui,Non
00000000006,00000000000000000000006000,IP_6,LOC6,Structure_6,563,PPSP_563,11,0,5,3,.56046951,0,69,1763,Secteur_5,3,Oui,Non,Oui,Oui,Non,Non,Non,Oui,Non,Non,Oui,Non,Non,Non,Non,Non,Non,Oui,Oui,Oui,Non,Non,Oui,Oui,Non,Oui,Oui,Non,Non,Oui,Oui,Oui
00000000007,00000000000000000000007000,IP_7,LOC7,Structure_7,352,PPSP_352,17,0,2,2,.54067922,0,111,1807,Secteur_3,4,Oui,Oui,Oui,Oui,Oui,Oui,Non,Oui,Oui,Oui,Non,Oui,Oui,Oui,Non,Oui,Oui,Oui,Oui,Oui,Non,Non,Oui,Oui,Non,Non,Oui,Oui,Non,Non,Non,Non
00000000008,00000000000000000000008000,IP_8,LOC8,Structure_8,888,PPSP_888,15,0,2,0,.88685954,0,67,1589,Secteur_9,8,Oui,Oui,Oui,Non,Oui,Oui,Oui,Non,Non,Oui,Non,Non,Non,Non,Non,Non,Non,Non,Oui,Oui,Oui,Oui,Oui,Oui,Oui,Oui,Non,Non,Oui,Oui,Oui,Oui
00000000009,00000000000000000000009000,IP_9,LOC9,Structure_9,166,PPSP_166,16,0,1,0,.37456387,0,127,1590,Secteur_4,3,Oui,Non,Oui,Oui,Non,Non,Oui,Oui,Oui,Oui,Non,Non,Non,Non,Non,Non,Non,Non,Oui,Oui,Oui,Oui,Non,Oui,Oui,Oui,Oui,Oui,Oui,Oui,Oui,Non
00000000010,00000000000000000000010000,IP_10,LOC10,Structure_10,450,PPSP_450,3,2,2,2,.1364816,0,79,1492,Secteur_6,1,Non,Oui,Oui,Oui,Non,Non,Oui,Oui,Oui,Oui,Non,Non,Non,Non,Non,Non,Non,Oui,Oui,Non,Oui,Oui,Oui,Oui,Oui,Non,Oui,Non,Non,Oui,Oui,Non
00000000011,00000000000000000000011000,IP_11,LOC11,Structure_11,716,PPSP_716,16,0,1,1,.88028693,0,74,1291,Secteur_7,7,Oui,Oui,Oui,Oui,Non,Oui,Oui,Oui,Non,Oui,Non,Non,Non,Non,Non,Non,Non,Oui,Oui,Oui,Non,Non,Oui,Non,Oui,Non,Non,Non,Non,Oui,Non,Non
00000000012,00000000000000000000012000,IP_12,LOC12,Structure_12,912,PPSP_912,3,2,2,3,.066501707,0,115,1269,Secteur_7,5,Non,Oui,Non,Non,Oui,Non,Oui,Non,Non,Oui,Non,Oui,Oui,Oui,Oui,Oui,Oui,Oui,Non,Non,Non,Oui,Oui,Non,Oui,Oui,Oui,Oui,Non,Oui,Non,Oui
00000000013,00000000000000000000013000,IP_13,LOC13,Structure_13,659,PPSP_659,4,5,1,3,.0065547428,0,112,1466,Secteur_7,6,Non,Non,Oui,Oui,Oui,Non,Non,Oui,Oui,Non,Non,Oui,Oui,Non,Oui,Oui,Oui,Oui,Oui,Oui,Oui,Oui,Oui,Non,Oui,Oui,Oui,Non,Non,Oui,Non,Oui
00000000014,00000000000000000000014000,IP_14,LOC14,Structure_14,80,PPSP_80,19,0,2,2,.94719797,0,110,1494,Secteur_3,6,Oui,Oui,Oui,Oui,Non,Non,Oui,Non,Oui,Oui,Non,Oui,Oui,Non,Oui,Oui,Oui,Oui,Oui,Non,Oui,Non,Oui,Oui,Oui,Oui,Oui,Non,Non,Oui,Non,Non
00000000015,00000000000000000000015000,IP_15,LOC15,Structure_15,829,PPSP_829,6,0,1,0,.7358585,0,114,1617,Secteur_6,7,Oui,Oui,Oui,Oui,Non,Non,Non,Non,Non,Non,Non,Oui,Oui,Oui,Oui,Oui,Non,Non,Oui,Non,Oui,Oui,Oui,Oui,Oui,Oui,Oui,Non,Oui,Oui,Oui,Non
00000000016,00000000000000000000016000,IP_16,LOC16,Structure_16,320,PPSP_320,2,1,5,2,.59719008,0,71,1279,Secteur_6,5,Non,Non,Oui,Oui,Oui,Oui,Oui,Non,Non,Oui,Non,Oui,Oui,Oui,Oui,Non,Oui,Oui,Oui,Oui,Oui,Non,Non,Oui,Non,Oui,Non,Oui,Oui,Non,Non,Non
00000000017,00000000000000000000017000,IP_17,LOC17,Structure_17,258,PPSP_258,4,4,2,1,.10578277,0,105,1509,Secteur_6,7,Non,Oui,Oui,Oui,Non,Non,Oui,Non,Non,Oui,Non,Oui,Oui,Non,Oui,Oui,Oui,Oui,Oui,Non,Oui,Oui,Oui,Oui,Oui,Oui,Oui,Non,Oui,Non,Non,Non
00000000018,00000000000000000000018000,IP_18,LOC18,Structure_18,349,PPSP_349,15,0,2,0,.59273255,0,83,1295,Secteur_6,4,Oui,Oui,Oui,Oui,Oui,Non,Non,Non,Oui,Non,Oui,Oui,Oui,Oui,Oui,Oui,Oui,Non,Oui,Oui,Non,Non,Non,Oui,Oui,Oui,Oui,Oui,Non,Oui,Non,Non
00000000019,00000000000000000000019000,IP_19,LOC19,Structure_19,264,PPSP_264,20,0,5,0,.98013312,0,130,1330,Secteur_3,8,Oui,Oui,Non,Oui,Non,Oui,Non,Non,Oui,Oui,Oui,Non,Non,Non,Non,Non,Non,Non,Oui,Non,Oui,Oui,Non,Non,Oui,Oui,Non,Non,Oui,Non,Non,Non
00000000020,00000000000000000000020000,IP_20,LOC20,Structure_20,676,PPSP_676,15,0,4,0,.0038895046,0,110,1285,Secteur_3,8,Oui,Oui,Oui,Oui,Non,Non,Oui,Oui,Oui,Oui,Oui,Oui,Oui,Oui,Oui,Non,Oui,Non,Oui,Oui,Oui,Oui,Oui,Non,Non,Oui,Non,Oui,Oui,Oui,Non,Oui
00000000021,00000000000000000000021000,IP_21,LOC21,Structure_21,534,PPSP_534,5,0,3,0,.031927995,0,79,1406,Secteur_7,2,Oui,Oui,Non,Non,Oui,Non,Non,Non,Oui,Non,Non,Non,Non,Non,Non,Non,Non,Non,Oui,Oui,Oui,Oui,Oui,Non,Non,Oui,Oui,Oui,Oui,Non,Non,Non
00000000022,00000000000000000000022000,IP_22,LOC22,Structure_22,560,PPSP_560,9,0,1,3,.70014983,0,104,1809,Secteur_3,9,Oui,Oui,Oui,Oui,Oui,Oui,Oui,Oui,Non,Oui,Oui,Oui,Oui,Oui,Non,Non,Oui,Oui,Non,Oui,Oui,Non,Non,Oui,Oui,Oui,Oui,Non,Oui,Non,Non,Non
00000000023,00000000000000000000023000,IP_23,LOC23,Structure_23,753,PPSP_753,1,1,5,0,.46758687,0,117,1590,Secteur_8,8,Non,Oui,Oui,Oui,Non,Oui,Oui,Non,Non,Oui,Non,Oui,Oui,Oui,Oui,Non,Non,Non,Non,Oui,Oui,Oui,Non,Oui,Oui,Oui,Oui,Non,Oui,Oui,Oui,Oui
00000000024,00000000000000000000024000,IP_24,LOC24,Structure_24,949,PPSP_949,1,1,2,2,.18536238,0,78,1377,Secteur_3,6,Non,Oui,Oui,Oui,Non,Non,Oui,Oui,Non,Oui,Non,Non,Non,Non,Non,Non,Non,Oui,Non,Oui,Oui,Non,Non,Non,Oui,Oui,Oui,Oui,Oui,Non,Non,Non
00000000025,00000000000000000000025000,IP_25,LOC25,Structure_25,983,PPSP_983,14,0,2,0,.31696042,0,112,1359,Secteur_8,3,Oui,Oui,Non,Oui,Oui,Non,Oui,Oui,Oui,Oui,Non,Non,Non,Non,Non,Non,Non,Non,Oui,Non,Non,Oui,Oui,Oui,Oui,Oui,Oui,Non,Oui,Non,Non,Non
00000000026,00000000000000000000026000,IP_26,LOC26,Structure_26,17,PPSP_17,9,0,4,0,.21376401,0,120,1446,Secteur_9,1,Oui,Oui,Non,Oui,Non,Oui,Oui,Oui,Oui,Oui,Non,Oui,Oui,Oui,Oui,Oui,Oui,Non,Oui,Oui,Oui,Oui,Non,Oui,Oui,Oui,Oui,Non,Oui,Non,Non,Non
00000000027,00000000000000000000027000,IP_27,LOC27,Structure_27,976,PPSP_976,2,2,3,2,.10203793,0,121,1448,Secteur_4,3,Non,Non,Oui,Oui,Non,Non,Non,Non,Oui,Non,Non,Oui,Oui,Non,Non,Oui,Oui,Oui,Non,Oui,Non,Oui,Non,Oui,Oui,Oui,Oui,Oui,Oui,Oui,Non,Oui
00000000028,00000000000000000000028000,IP_28,LOC28,Structure_28,361,PPSP_361,3,5,4,1,.21725105,0,84,1720,Secteur_9,5,Non,Oui,Oui,Oui,Non,Oui,Non,Non,Oui,Oui,Non,Oui,Oui,Oui,Oui,Oui,Oui,Oui,Non,Non,Oui,Oui,Oui,Oui,Non,Oui,Oui,Oui,Non,Oui,Oui,Oui
00000000029,00000000000000000000029000,IP_29,LOC29,Structure_29,849,PPSP_849,1,2,4,3,.48325175,0,115,1312,Secteur_5,8,Non,Oui,Non,Oui,Oui,Oui,Non,Oui,Oui,Oui,Oui,Oui,Oui,Oui,Oui,Non,Non,Oui,Oui,Non,Non,Non,Non,Oui,Oui,Oui,Oui,Non,Oui,Oui,Oui,Non
00000000030,00000000000000000000030000,IP_30,LOC30,Structure_30,260,PPSP_260,8,0,3,2,.046449665,0,77,1753,Secteur_6,4,Oui,Oui,Non,Oui,Non,Non,Non,Non,Oui,Non,Oui,Oui,Non,Oui,Oui,Oui,Oui,Oui,Non,Oui,Oui,Oui,Oui,Oui,Oui,Oui,Oui,Non,Oui,Oui,Oui,Non
00000000031,00000000000000000000031000,IP_31,LOC31,Structure_31,26,PPSP_26,9,0,2,2,.3282491,0,109,1374,Secteur_4,2,Oui,Oui,Non,Oui,Oui,Non,Non,Non,Non,Non,Oui,Oui,Oui,Oui,Oui,Non,Oui,Oui,Oui,Oui,Oui,Oui,Oui,Non,Oui,Oui,Non,Oui,Oui,Oui,Oui,Non
00000000032,00000000000000000000032000,IP_32,LOC32,Structure_32,661,PPSP_661,20,0,4,0,.023404822,0,83,1713,Secteur_5,1,Oui,Oui,Oui,Oui,Non,Oui,Non,Non,Non,Oui,Non,Oui,Oui,Non,Oui,Oui,Oui,Non,Non,Oui,Non,Non,Oui,Oui,Oui,Oui,Oui,Non,Oui,Oui,Oui,Non
00000000033,00000000000000000000033000,IP_33,LOC33,Structure_33,282,PPSP_282,15,0,1,0,.73293084,0,80,1490,Secteur_1,2,Oui,Non,Oui,Oui,Oui,Non,Non,Oui,Non,Non,Oui,Oui,Oui,Oui,Oui,Oui,Oui,Non,Oui,Oui,Non,Non,Oui,Non,Oui,Oui,Non,Non,Oui,Non,Non,Non
00000000034,00000000000000000000034000,IP_34,LOC34,Structure_34,906,PPSP_906,20,0,3,0,.65541852,0,87,1658,Secteur_8,5,Oui,Non,Oui,Oui,Non,Oui,Oui,Non,Non,Oui,Non,Oui,Oui,Oui,Oui,Oui,Oui,Non,Non,Oui,Oui,Non,Oui,Oui,Non,Non,Non,Oui,Non,Non,Non,Non
00000000035,00000000000000000000035000,IP_35,LOC35,Structure_35,368,PPSP_368,11,0,3,1,.21930489,0,125,1378,Secteur_8,4,Oui,Non,Oui,Oui,Non,Non,Oui,Oui,Oui,Oui,Non,Non,Non,Non,Non,Non,Non,Oui,Oui,Oui,Non,Oui,Oui,Oui,Non,Oui,Oui,Oui,Oui,Non,Non,Non
00000000036,00000000000000000000036000,IP_36,LOC36,Structure_36,843,PPSP_843,13,0,3,0,.8357476,0,117,1379,Secteur_8,3,Oui,Oui,Oui,Oui,Non,Oui,Non,Oui,Oui,Oui,Oui,Oui,Oui,Non,Oui,Oui,Oui,Non,Oui,Oui,Oui,Oui,Oui,Oui,Oui,Non,Oui,Non,Non,Oui,Non,Oui
00000000037,00000000000000000000037000,IP_37,LOC37,Structure_37,236,PPSP_236,9,0,4,0,.40265092,0,112,1457,Secteur_8,9,Oui,Oui,Non,Oui,Non,Oui,Oui,Oui,Non,Oui,Non,Non,Non,Non,Non,Non,Non,Non,Oui,Oui,Non,Oui,Oui,Oui,Non,Oui,Oui,Oui,Oui,Oui,Oui,Oui
00000000038,00000000000000000000038000,IP_38,LOC38,Structure_38,960,PPSP_960,10,0,1,0,.42611757,0,118,1736,Secteur_8,9,Oui,Oui,Oui,Oui,Non,Oui,Oui,Oui,Non,Oui,Oui,Oui,Oui,Oui,Oui,Oui,Oui,Non,Oui,Oui,Non,Non,Oui,Non,Non,Oui,Oui,Non,Non,Oui,Non,Non
00000000039,00000000000000000000039000,IP_39,LOC39,Structure_39,909,PPSP_909,14,0,3,0,.90528136,0,101,1354,Secteur_8,5,Oui,Oui,Oui,Oui,Non,Non,Non,Oui,Non,Non,Oui,Non,Non,Non,Non,Non,Non,Non,Oui,Oui,Oui,Non,Non,Non,Non,Non,Oui,Non,Non,Non,Non,Non
00000000040,00000000000000000000040000,IP_40,LOC40,Structure_40,660,PPSP_660,13,0,5,2,.50127131,0,71,1592,Secteur_6,8,Oui,Oui,Non,Oui,Oui,Non,Oui,Non,Oui,Oui,Oui,Oui,Oui,Oui,Oui,Oui,Oui,Oui,Oui,Non,Non,Non,Oui,Non,Oui,Oui,Oui,Non,Oui,Non,Non,Non
00000000041,00000000000000000000041000,IP_41,LOC41,Structure_41,111,PPSP_111,17,0,2,0,.63417065,0,104,1730,Secteur_2,3,Oui,Oui,Oui,Oui,Non,Oui,Non,Oui,Non,Oui,Non,Oui,Non,Non,Non,Non,Oui,Non,Oui,Oui,Non,Oui,Oui,Oui,Oui,Oui,Non,Oui,Oui,Oui,Oui,Non
00000000042,00000000000000000000042000,IP_42,LOC42,Structure_42,417,PPSP_417,19,0,5,2,.71651614,0,68,1436,Secteur_8,9,Oui,Oui,Oui,Oui,Oui,Non,Non,Oui,Oui,Non,Non,Oui,Oui,Oui,Non,Non,Oui,Oui,Non,Oui,Oui,Oui,Oui,Oui,Oui,Oui,Oui,Non,Oui,Oui,Non,Non
00000000043,00000000000000000000043000,IP_43,LOC43,Structure_43,459,PPSP_459,17,0,1,2,.015157502,0,96,1589,Secteur_9,6,Oui,Oui,Oui,Oui,Oui,Non,Non,Non,Oui,Non,Oui,Oui,Non,Non,Oui,Oui,Non,Oui,Oui,Non,Non,Oui,Oui,Oui,Oui,Oui,Oui,Oui,Oui,Oui,Non,Non
00000000044,00000000000000000000044000,IP_44,LOC44,Structure_44,369,PPSP_369,15,0,4,0,.60850894,0,123,1387,Secteur_7,1,Oui,Non,Oui,Oui,Oui,Oui,Non,Non,Non,Oui,Non,Oui,Oui,Oui,Non,Oui,Oui,Non,Non,Oui,Non,Oui,Non,Oui,Non,Non,Non,Non,Non,Non,Non,Non
00000000045,00000000000000000000045000,IP_45,LOC45,Structure_45,888,PPSP_888,8,0,2,3,.21141295,0,71,1884,Secteur_7,9,Oui,Oui,Non,Oui,Oui,Oui,Non,Oui,Oui,Oui,Non,Oui,Oui,Oui,Oui,Oui,Non,Oui,Oui,Oui,Oui,Oui,Oui,Non,Oui,Oui,Oui,Non,Oui,Non,Non,Non
00000000046,00000000000000000000046000,IP_46,LOC46,Structure_46,827,PPSP_827,7,0,2,0,.40742472,0,86,1643,Secteur_3,4,Oui,Oui,Oui,Oui,Non,Non,Oui,Non,Non,Oui,Non,Oui,Oui,Oui,Oui,Oui,Non,Non,Oui,Oui,Oui,Non,Oui,Oui,Oui,Oui,Non,Oui,Oui,Non,Non,Non
00000000047,00000000000000000000047000,IP_47,LOC47,Structure_47,270,PPSP_270,3,2,4,2,.17698479,0,102,1843,Secteur_2,8,Non,Oui,Oui,Oui,Non,Non,Non,Non,Oui,Non,Non,Oui,Non,Oui,Oui,Oui,Non,Oui,Oui,Non,Non,Oui,Non,Non,Non,Oui,Non,Oui,Non,Oui,Oui,Non
00000000048,00000000000000000000048000,IP_48,LOC48,Structure_48,227,PPSP_227,2,5,2,0,.35021442,0,80,1365,Secteur_4,6,Non,Oui,Oui,Oui,Non,Non,Non,Non,Non,Non,Non,Oui,Oui,Oui,Oui,Oui,Oui,Non,Oui,Non,Oui,Oui,Non,Oui,Oui,Non,Oui,Oui,Non,Oui,Non,Oui
00000000049,00000000000000000000049000,IP_49,LOC49,Structure_49,476,PPSP_476,6,0,4,2,.35615313,0,73,1405,Secteur_7,4,Oui,Oui,Oui,Non,Non,Oui,Non,Oui,Non,Oui,Oui,Non,Non,Non,Non,Non,Non,Oui,Non,Oui,Non,Oui,Oui,Oui,Oui,Non,Non,Non,Non,Oui,Oui,Non
00000000050,00000000000000000000050000,IP_50,LOC50,Structure_50,956,PPSP_956,4,4,5,0,.34117034,0,91,1335,Secteur_7,9,Non,Oui,Oui,Oui,Oui,Non,Oui,Oui,Oui,Oui,Non,Oui,Oui,Oui,Oui,Oui,Oui,Non,Oui,Oui,Oui,Non,Oui,Oui,Oui,Oui,Oui,Non,Non,Oui,Oui,Non
00000000051,00000000000000000000051000,IP_51,LOC51,Structure_51,707,PPSP_707,16,0,4,1,.58082128,0,69,1410,Secteur_9,3,Oui,Non,Oui,Oui,Oui,Non,Oui,Oui,Non,Oui,Non,Non,Non,Non,Non,Non,Non,Oui,Oui,Oui,Non,Non,Oui,Non,Oui,Oui,Oui,Oui,Oui,Oui,Non,Oui
00000000052,00000000000000000000052000,IP_52,LOC52,Structure_52,18,PPSP_18,16,0,1,1,.28313395,0,117,1458,Secteur_3,8,Oui,Non,Oui,Oui,Non,Oui,Non,Oui,Oui,Oui,Non,Oui,Oui,Oui,Oui,Non,Oui,Oui,Non,Oui,Oui,Oui,Oui,Oui,Oui,Oui,Oui,Non,Non,Non,Non,Non
00000000053,00000000000000000000053000,IP_53,LOC53,Structure_53,753,PPSP_753,2,4,3,1,.50375551,0,66,1604,Secteur_2,9,Non,Non,Oui,Oui,Non,Oui,Oui,Oui,Non,Oui,Non,Non,Non,Non,Non,Non,Non,Oui,Oui,Non,Non,Oui,Non,Oui,Oui,Oui,Oui,Non,Oui,Non,Non,Non
00000000054,00000000000000000000054000,IP_54,LOC54,Structure_54,411,PPSP_411,8,0,5,3,.69181991,0,67,1659,Secteur_8,3,Oui,Non,Oui,Oui,Oui,Oui,Non,Oui,Non,Oui,Non,Non,Non,Non,Non,Non,Non,Oui,Non,Oui,Oui,Non,Oui,Oui,Oui,Oui,Non,Oui,Oui,Non,Non,Non
00000000055,00000000000000000000055000,IP_55,LOC55,Structure_55,741,PPSP_741,5,0,5,2,.97127426,0,91,1568,Secteur_4,8,Oui,Oui,Oui,Oui,Oui,Oui,Non,Non,Non,Oui,Oui,Oui,Oui,Oui,Oui,Non,Oui,Oui,Non,Oui,Non,Oui,Oui,Oui,Oui,Oui,Oui,Oui,Non,Oui,Oui,Oui
00000000056,00000000000000000000056000,IP_56,LOC56,Structure_56,597,PPSP_597,17,0,3,1,.45706528,0,107,1726,Secteur_3,1,Oui,Oui,Oui,Oui,Oui,Non,Oui,Non,Non,Oui,Non,Oui,Non,Oui,Oui,Oui,Non,Oui,Non,Oui,Oui,Oui,Oui,Non,Oui,Oui,Non,Oui,Oui,Oui,Oui,Non
00000000057,00000000000000000000057000,IP_57,LOC57,Structure_57,353,PPSP_353,10,0,4,0,.53662431,0,75,1818,Secteur_5,5,Oui,Oui,Oui,Non,Non,Non,Oui,Non,Non,Oui,Non,Oui,Non,Oui,Oui,Non,Oui,Non,Oui,Non,Oui,Oui,Oui,Non,Oui,Oui,Oui,Non,Oui,Oui,Non,Oui
00000000058,00000000000000000000058000,IP_58,LOC58,Structure_58,560,PPSP_560,12,0,5,0,.99449503,0,117,1460,Secteur_4,9,Oui,Oui,Non,Oui,Non,Non,Non,Non,Non,Non,Oui,Non,Non,Non,Non,Non,Non,Non,Oui,Non,Oui,Oui,Oui,Non,Non,Oui,Oui,Non,Oui,Non,Non,Non
00000000059,00000000000000000000059000,IP_59,LOC59,Structure_59,872,PPSP_872,7,0,3,2,.66244316,0,109,1227,Secteur_9,7,Oui,Oui,Oui,Oui,Non,Non,Oui,Non,Non,Oui,Oui,Non,Non,Non,Non,Non,Non,Oui,Non,Non,Oui,Oui,Non,Non,Oui,Oui,Non,Non,Non,Oui,Non,Non
00000000060,00000000000000000000060000,IP_60,LOC60,Structure_60,288,PPSP_288,1,5,2,0,.59269804,0,125,1882,Secteur_9,3,Non,Non,Oui,Oui,Oui,Non,Non,Oui,Non,Non,Non,Oui,Non,Oui,Oui,Oui,Non,Non,Oui,Non,Oui,Oui,Oui,Oui,Oui,Oui,Oui,Oui,Oui,Oui,Oui,Non
00000000061,00000000000000000000061000,IP_61,LOC61,Structure_61,935,PPSP_935,20,0,4,2,.76087421,0,122,1575,Secteur_4,8,Oui,Oui,Oui,Oui,Non,Non,Oui,Non,Oui,Oui,Non,Oui,Oui,Oui,Oui,Oui,Oui,Oui,Non,Oui,Oui,Oui,Oui,Oui,Non,Non,Oui,Oui,Non,Oui,Oui,Oui
00000000062,00000000000000000000062000,IP_62,LOC62,Structure_62,167,PPSP_167,7,0,5,3,.34269822,0,83,1840,Secteur_7,5,Oui,Oui,Non,Oui,Oui,Oui,Non,Non,Oui,Oui,Oui,Non,Non,Non,Non,Non,Non,Oui,Oui,Oui,Non,Oui,Non,Oui,Oui,Non,Oui,Non,Non,Oui,Oui,Oui
00000000063,00000000000000000000063000,IP_63,LOC63,Structure_63,147,PPSP_147,2,2,1,0,.15121737,0,119,1420,Secteur_7,4,Non,Oui,Oui,Non,Oui,Non,Oui,Non,Non,Oui,Non,Oui,Non,Oui,Non,Oui,Oui,Non,Non,Oui,Oui,Oui,Non,Non,Non,Oui,Oui,Non,Oui,Oui,Non,Oui
00000000064,00000000000000000000064000,IP_64,LOC64,Structure_64,464,PPSP_464,1,1,4,3,.39474544,0,89,1661,Secteur_6,7,Non,Non,Non,Oui,Non,Oui,Non,Oui,Non,Oui,Oui,Non,Non,Non,Non,Non,Non,Oui,Oui,Oui,Oui,Oui,Non,Oui,Oui,Oui,Non,Non,Oui,Non,Non,Non
00000000065,00000000000000000000065000,IP_65,LOC65,Structure_65,534,PPSP_534,14,0,1,1,.80522978,0,99,1732,Secteur_2,4,Oui,Non,Oui,Oui,Oui,Non,Non,Oui,Non,Non,Non,Oui,Oui,Oui,Oui,Oui,Non,Oui,Oui,Oui,Oui,Non,Non,Oui,Non,Non,Oui,Non,Non,Oui,Oui,Oui
00000000066,00000000000000000000066000,IP_66,LOC66,Structure_66,297,PPSP_297,3,5,2,3,.17527945,0,92,1807,Secteur_4,1,Non,Oui,Non,Oui,Non,Oui,Oui,Non,Oui,Oui,Non,Non,Non,Non,Non,Non,Non,Oui,Non,Non,Non,Oui,Oui,Oui,Oui,Oui,Oui,Oui,Oui,Non,Non,Non
00000000067,00000000000000000000067000,IP_67,LOC67,Structure_67,622,PPSP_622,16,0,5,0,.15194245,0,126,1854,Secteur_2,3,Oui,Oui,Oui,Oui,Non,Oui,Oui,Oui,Oui,Oui,Non,Non,Non,Non,Non,Non,Non,Non,Oui,Oui,Non,Oui,Oui,Non,Oui,Oui,Oui,Non,Oui,Non,Non,Non
00000000068,00000000000000000000068000,IP_68,LOC68,Structure_68,200,PPSP_200,4,4,1,1,.24135023,0,81,1853,Secteur_6,6,Non,Non,Oui,Oui,Oui,Oui,Oui,Oui,Non,Oui,Oui,Non,Non,Non,Non,Non,Non,Oui,Oui,Oui,Non,Oui,Non,Oui,Non,Oui,Oui,Oui,Oui,Oui,Oui,Non
00000000069,00000000000000000000069000,IP_69,LOC69,Structure_69,599,PPSP_599,17,0,2,2,.4109675,0,121,1719,Secteur_1,9,Oui,Oui,Non,Oui,Oui,Oui,Oui,Oui,Non,Oui,Non,Oui,Oui,Non,Oui,Non,Oui,Oui,Non,Oui,Oui,Oui,Oui,Oui,Oui,Non,Oui,Non,Non,Non,Non,Non
00000000070,00000000000000000000070000,IP_70,LOC70,Structure_70,117,PPSP_117,15,0,3,1,.34814614,0,86,1505,Secteur_8,7,Oui,Oui,Non,Oui,Non,Oui,Oui,Non,Oui,Oui,Non,Oui,Oui,Oui,Oui,Oui,Non,Oui,Oui,Non,Oui,Oui,Non,Non,Oui,Oui,Oui,Oui,Non,Oui,Oui,Oui
00000000071,00000000000000000000071000,IP_71,LOC71,Structure_71,414,PPSP_414,10,0,1,0,.22582906,0,101,1672,Secteur_4,5,Oui,Oui,Oui,Oui,Oui,Oui,Oui,Oui,Non,Oui,Non,Oui,Oui,Oui,Oui,Non,Non,Non,Non,Oui,Non,Oui,Non,Oui,Non,Oui,Oui,Non,Non,Non,Non,Non
00000000072,00000000000000000000072000,IP_72,LOC72,Structure_72,376,PPSP_376,4,5,2,3,.8702569,0,122,1778,Secteur_8,1,Non,Non,Non,Oui,Oui,Non,Non,Non,Non,Non,Oui,Oui,Non,Oui,Non,Oui,Non,Oui,Oui,Oui,Oui,Oui,Non,Oui,Oui,Oui,Non,Non,Oui,Oui,Non,Oui
00000000073,00000000000000000000073000,IP_73,LOC73,Structure_73,519,PPSP_519,10,0,4,2,.21271753,0,72,1448,Secteur_9,3,Oui,Oui,Non,Oui,Non,Non,Oui,Non,Non,Oui,Oui,Non,Non,Non,Non,Non,Non,Oui,Oui,Oui,Oui,Oui,Non,Oui,Oui,Non,Non,Non,Non,Oui,Oui,Non
00000000074,00000000000000000000074000,IP_74,LOC74,Structure_74,286,PPSP_286,4,2,5,2,.60806549,0,79,1365,Secteur_5,9,Non,Oui,Oui,Oui,Non,Non,Non,Oui,Oui,Non,Oui,Oui,Oui,Oui,Oui,Non,Oui,Oui,Oui,Non,Oui,Oui,Non,Oui,Oui,Oui,Oui,Non,Oui,Non,Non,Non
00000000075,00000000000000000000075000,IP_75,LOC75,Structure_75,766,PPSP_766,4,4,5,3,.90517098,0,127,1763,Secteur_3,4,Non,Oui,Non,Oui,Non,Non,Non,Oui,Non,Non,Oui,Oui,Non,Oui,Non,Oui,Non,Oui,Oui,Oui,Oui,Oui,Oui,Oui,Oui,Oui,Oui,Non,Oui,Non,Non,Non
00000000076,00000000000000000000076000,IP_76,LOC76,Structure_76,43,PPSP_43,8,0,2,2,.86694896,0,84,1810,Secteur_3,5,Oui,Oui,Oui,Oui,Non,Non,Oui,Oui,Oui,Oui,Oui,Non,Non,Non,Non,Non,Non,Oui,Oui,Non,Non,Non,Oui,Oui,Oui,Oui,Non,Non,Oui,Oui,Oui,Oui
00000000077,00000000000000000000077000,IP_77,LOC77,Structure_77,473,PPSP_473,13,0,2,1,.47467998,0,96,1347,Secteur_1,7,Oui,Oui,Oui,Oui,Non,Oui,Non,Non,Non,Oui,Oui,Oui,Non,Oui,Oui,Oui,Oui,Oui,Oui,Oui,Oui,Oui,Non,Oui,Oui,Oui,Oui,Oui,Oui,Oui,Oui,Non
00000000078,00000000000000000000078000,IP_78,LOC78,Structure_78,697,PPSP_697,11,0,5,1,.12465997,0,128,1210,Secteur_8,1,Oui,Oui,Oui,Oui,Oui,Oui,Non,Oui,Non,Oui,Non,Oui,Oui,Non,Oui,Oui,Oui,Oui,Oui,Oui,Oui,Non,Non,Oui,Oui,Oui,Non,Oui,Oui,Non,Non,Non
00000000079,00000000000000000000079000,IP_79,LOC79,Structure_79,59,PPSP_59,8,0,1,3,.79163343,0,98,1206,Secteur_1,9,Oui,Oui,Oui,Oui,Non,Non,Non,Non,Oui,Non,Oui,Non,Non,Non,Non,Non,Non,Oui,Non,Non,Oui,Oui,Oui,Oui,Non,Oui,Non,Oui,Oui,Oui,Non,Non
00000000080,00000000000000000000080000,IP_80,LOC80,Structure_80,467,PPSP_467,1,4,2,0,.6268878,0,75,1347,Secteur_5,2,Non,Oui,Non,Oui,Non,Non,Non,Oui,Oui,Non,Non,Oui,Oui,Oui,Non,Oui,Oui,Non,Non,Non,Non,Oui,Oui,Non,Oui,Non,Oui,Non,Non,Oui,Non,Oui
00000000081,00000000000000000000081000,IP_81,LOC81,Structure_81,53,PPSP_53,4,1,2,0,.79844433,0,95,1835,Secteur_6,6,Non,Oui,Oui,Non,Non,Oui,Oui,Oui,Non,Oui,Non,Oui,Oui,Non,Oui,Non,Oui,Non,Oui,Non,Non,Non,Non,Oui,Non,Oui,Oui,Oui,Non,Non,Non,Non
00000000082,00000000000000000000082000,IP_82,LOC82,Structure_82,545,PPSP_545,16,0,2,0,.71012777,0,123,1403,Secteur_5,2,Oui,Non,Non,Oui,Non,Non,Oui,Oui,Oui,Oui,Non,Oui,Oui,Oui,Oui,Oui,Oui,Non,Non,Oui,Non,Non,Oui,Oui,Non,Oui,Oui,Non,Oui,Non,Non,Non
00000000083,00000000000000000000083000,IP_83,LOC83,Structure_83,433,PPSP_433,4,3,2,0,.053822793,0,128,1787,Secteur_1,7,Non,Oui,Oui,Oui,Oui,Oui,Non,Oui,Oui,Oui,Non,Oui,Oui,Oui,Non,Non,Oui,Non,Oui,Non,Oui,Non,Oui,Oui,Non,Non,Non,Oui,Non,Non,Non,Non
00000000084,00000000000000000000084000,IP_84,LOC84,Structure_84,814,PPSP_814,14,0,1,1,.26830241,0,69,1433,Secteur_4,9,Oui,Oui,Oui,Oui,Non,Oui,Non,Oui,Oui,Oui,Non,Oui,Non,Oui,Oui,Non,Oui,Oui,Oui,Non,Non,Oui,Oui,Non,Oui,Oui,Oui,Non,Oui,Non,Non,Non
00000000085,00000000000000000000085000,IP_85,LOC85,Structure_85,212,PPSP_212,14,0,2,3,.48771673,0,79,1546,Secteur_1,9,Oui,Oui,Oui,Oui,Non,Non,Non,Oui,Non,Non,Non,Oui,Oui,Non,Non,Oui,Non,Oui,Non,Non,Oui,Oui,Non,Oui,Non,Oui,Oui,Oui,Oui,Non,Non,Non
00000000086,00000000000000000000086000,IP_86,LOC86,Structure_86,898,PPSP_898,18,0,1,0,.58343822,0,85,1321,Secteur_4,4,Oui,Oui,Oui,Oui,Oui,Non,Non,Oui,Oui,Non,Non,Non,Non,Non,Non,Non,Non,Non,Oui,Oui,Oui,Oui,Oui,Non,Oui,Oui,Non,Non,Oui,Oui,Non,Oui
00000000087,00000000000000000000087000,IP_87,LOC87,Structure_87,808,PPSP_808,9,0,4,0,.22566025,0,112,1210,Secteur_3,6,Oui,Oui,Non,Non,Oui,Oui,Oui,Oui,Non,Oui,Non,Oui,Oui,Non,Non,Non,Non,Non,Oui,Oui,Oui,Non,Oui,Oui,Oui,Oui,Oui,Oui,Oui,Non,Non,Non
00000000088,00000000000000000000088000,IP_88,LOC88,Structure_88,381,PPSP_381,11,0,1,0,.3412621,0,118,1401,Secteur_4,5,Oui,Non,Non,Oui,Oui,Oui,Non,Oui,Oui,Oui,Non,Non,Non,Non,Non,Non,Non,Non,Oui,Non,Oui,Non,Oui,Oui,Oui,Oui,Oui,Non,Non,Oui,Oui,Oui
00000000089,00000000000000000000089000,IP_89,LOC89,Structure_89,99,PPSP_99,15,0,4,1,.268114,0,99,1378,Secteur_7,3,Oui,Oui,Oui,Non,Non,Oui,Oui,Oui,Non,Oui,Oui,Oui,Oui,Oui,Oui,Oui,Oui,Oui,Non,Non,Oui,Non,Non,Non,Non,Oui,Oui,Non,Oui,Oui,Non,Oui
00000000090,00000000000000000000090000,IP_90,LOC90,Structure_90,498,PPSP_498,3,5,1,0,.52453095,0,74,1620,Secteur_3,4,Non,Oui,Oui,Non,Non,Non,Oui,Non,Non,Oui,Non,Oui,Oui,Oui,Oui,Oui,Oui,Non,Non,Oui,Oui,Non,Non,Oui,Oui,Oui,Oui,Non,Oui,Oui,Oui,Oui
00000000091,00000000000000000000091000,IP_91,LOC91,Structure_91,905,PPSP_905,3,3,5,2,.20665468,0,99,1358,Secteur_2,2,Non,Oui,Oui,Non,Non,Non,Oui,Oui,Non,Oui,Oui,Oui,Oui,Oui,Oui,Non,Oui,Oui,Non,Oui,Oui,Oui,Oui,Oui,Oui,Non,Oui,Non,Non,Non,Non,Non
00000000092,00000000000000000000092000,IP_92,LOC92,Structure_92,373,PPSP_373,15,0,1,0,.10471019,0,118,1600,Secteur_3,1,Oui,Non,Non,Oui,Non,Non,Oui,Non,Oui,Oui,Non,Oui,Oui,Non,Oui,Oui,Oui,Non,Oui,Oui,Non,Oui,Non,Oui,Oui,Oui,Oui,Non,Oui,Non,Non,Non
00000000093,00000000000000000000093000,IP_93,LOC93,Structure_93,636,PPSP_636,14,0,4,0,.76220483,0,102,1500,Secteur_6,7,Oui,Oui,Oui,Non,Oui,Oui,Non,Oui,Non,Oui,Non,Oui,Non,Oui,Non,Oui,Oui,Non,Oui,Oui,Oui,Non,Non,Non,Oui,Oui,Oui,Non,Oui,Oui,Oui,Oui
00000000094,00000000000000000000094000,IP_94,LOC94,Structure_94,780,PPSP_780,3,3,3,0,.22214475,0,130,1666,Secteur_3,7,Non,Non,Non,Oui,Non,Oui,Oui,Non,Non,Oui,Non,Non,Non,Non,Non,Non,Non,Non,Non,Oui,Non,Non,Oui,Oui,Oui,Oui,Non,Oui,Oui,Non,Non,Non
00000000095,00000000000000000000095000,IP_95,LOC95,Structure_95,185,PPSP_185,13,0,5,3,.45715648,0,109,1634,Secteur_7,8,Oui,Non,Non,Oui,Oui,Non,Oui,Non,Non,Oui,Oui,Oui,Oui,Oui,Non,Oui,Non,Oui,Oui,Non,Non,Non,Non,Non,Oui,Oui,Non,Non,Oui,Oui,Oui,Oui
00000000096,00000000000000000000096000,IP_96,LOC96,Structure_96,374,PPSP_374,10,0,5,0,.21995278,0,102,1229,Secteur_7,5,Oui,Non,Oui,Oui,Non,Oui,Oui,Oui,Oui,Oui,Non,Oui,Oui,Oui,Oui,Oui,Oui,Non,Oui,Non,Oui,Oui,Oui,Oui,Non,Oui,Oui,Non,Oui,Oui,Oui,Oui
00000000097,00000000000000000000097000,IP_97,LOC97,Structure_97,422,PPSP_422,12,0,3,0,.77169931,0,88,1696,Secteur_9,6,Oui,Non,Oui,Non,Non,Oui,Oui,Oui,Non,Oui,Non,Oui,Oui,Oui,Oui,Oui,Oui,Non,Oui,Oui,Oui,Oui,Oui,Non,Non,Non,Oui,Non,Non,Non,Non,Non
00000000098,00000000000000000000098000,IP_98,LOC98,Structure_98,896,PPSP_896,11,0,3,3,.72949117,0,93,1263,Secteur_8,3,Oui,Non,Oui,Oui,Non,Oui,Oui,Non,Non,Oui,Non,Oui,Oui,Oui,Oui,Non,Oui,Oui,Non,Oui,Non,Non,Oui,Oui,Non,Oui,Oui,Non,Oui,Oui,Non,Non
00000000099,00000000000000000000099000,IP_99,LOC99,Structure_99,53,PPSP_53,13,0,5,0,.22291961,0,77,1470,Secteur_2,1,Oui,Oui,Non,Oui,Non,Oui,Oui,Non,Oui,Oui,Non,Oui,Oui,Oui,Oui,Non,Oui,Non,Non,Oui,Oui,Oui,Oui,Oui,Oui,Oui,Oui,Oui,Oui,Oui,Oui,Non
00000000100,00000000000000000000100000,IP_100,LOC100,Structure_100,536,PPSP_536,8,0,2,0,.045146383,0,69,1866,Secteur_6,6,Oui,Non,Oui,Oui,Oui,Non,Non,Oui,Non,Non,Non,Oui,Oui,Oui,Non,Non,Oui,Non,Oui,Oui,Oui,Oui,Non,Oui,Oui,Oui,Oui,Non,Oui,Non,Non,Non
00000000101,00000000000000000000101000,IP_101,LOC101,Structure_101,983,PPSP_983,16,0,4,2,.41511399,0,115,1651,Secteur_7,5,Oui,Oui,Oui,Non,Oui,Non,Oui,Oui,Oui,Oui,Non,Oui,Oui,Non,Oui,Oui,Non,Oui,Non,Oui,Oui,Oui,Oui,Non,Oui,Oui,Oui,Oui,Oui,Non,Non,Non
00000000102,00000000000000000000102000,IP_102,LOC102,Structure_102,380,PPSP_380,19,0,5,0,.20135126,0,126,1574,Secteur_6,6,Oui,Non,Non,Oui,Non,Oui,Non,Non,Oui,Oui,Non,Oui,Non,Oui,Non,Oui,Non,Non,Non,Oui,Oui,Oui,Oui,Oui,Oui,Non,Oui,Oui,Non,Oui,Non,Non
00000000103,00000000000000000000103000,IP_103,LOC103,Structure_103,472,PPSP_472,15,0,4,0,.89201397,0,76,1243,Secteur_8,9,Oui,Non,Oui,Oui,Oui,Oui,Oui,Non,Oui,Oui,Non,Oui,Oui,Non,Non,Oui,Oui,Non,Non,Oui,Oui,Non,Oui,Oui,Oui,Oui,Oui,Non,Oui,Oui,Oui,Oui
00000000104,00000000000000000000104000,IP_104,LOC104,Structure_104,62,PPSP_62,9,0,2,1,.74210989,0,77,1543,Secteur_5,7,Oui,Oui,Oui,Oui,Oui,Non,Non,Non,Non,Non,Oui,Non,Non,Non,Non,Non,Non,Oui,Oui,Oui,Oui,Non,Oui,Non,Oui,Oui,Non,Non,Oui,Oui,Oui,Oui
00000000105,00000000000000000000105000,IP_105,LOC105,Structure_105,304,PPSP_304,14,0,1,2,.15975955,0,82,1683,Secteur_9,8,Oui,Oui,Oui,Oui,Non,Non,Oui,Non,Non,Oui,Oui,Oui,Oui,Non,Oui,Non,Oui,Oui,Oui,Oui,Oui,Oui,Oui,Non,Oui,Oui,Oui,Non,Oui,Non,Non,Non
00000000106,00000000000000000000106000,IP_106,LOC106,Structure_106,282,PPSP_282,11,0,4,0,.049473822,0,86,1600,Secteur_8,1,Oui,Oui,Oui,Oui,Non,Oui,Non,Non,Oui,Oui,Oui,Oui,Non,Oui,Oui,Non,Oui,Non,Non,Non,Non,Oui,Non,Oui,Oui,Oui,Oui,Non,Oui,Non,Non,Non
00000000107,00000000000000000000107000,IP_107,LOC107,Structure_107,691,PPSP_691,5,0,3,1,.10655897,0,98,1576,Secteur_9,7,Oui,Non,Non,Oui,Non,Oui,Non,Oui,Oui,Oui,Oui,Oui,Oui,Oui,Oui,Non,Oui,Oui,Oui,Non,Non,Non,Oui,Oui,Non,Oui,Oui,Oui,Oui,Oui,Oui,Oui
00000000108,00000000000000000000108000,IP_108,LOC108,Structure_108,902,PPSP_902,16,0,2,0,.078216024,0,70,1483,Secteur_3,3,Oui,Non,Oui,Oui,Non,Non,Oui,Oui,Non,Oui,Oui,Non,Non,Non,Non,Non,Non,Non,Oui,Oui,Oui,Oui,Oui,Oui,Oui,Oui,Oui,Non,Non,Oui,Oui,Non
00000000109,00000000000000000000109000,IP_109,LOC109,Structure_109,266,PPSP_266,7,0,5,2,.89748704,0,113,1509,Secteur_3,9,Oui,Oui,Oui,Non,Non,Oui,Non,Oui,Non,Oui,Oui,Oui,Oui,Non,Non,Non,Non,Oui,Non,Oui,Oui,Non,Oui,Oui,Oui,Oui,Oui,Non,Oui,Oui,Oui,Non
00000000110,00000000000000000000110000,IP_110,LOC110,Structure_110,884,PPSP_884,16,0,1,2,.18371692,0,83,1704,Secteur_9,5,Oui,Oui,Oui,Oui,Non,Oui,Non,Oui,Oui,Oui,Non,Non,Non,Non,Non,Non,Non,Oui,Non,Non,Oui,Oui,Oui,Oui,Oui,Oui,Oui,Oui,Oui,Oui,Oui,Non
00000000111,00000000000000000000111000,IP_111,LOC111,Structure_111,863,PPSP_863,17,0,1,0,.5353747,0,82,1218,Secteur_4,6,Oui,Oui,Oui,Oui,Non,Oui,Oui,Oui,Non,Oui,Oui,Non,Non,Non,Non,Non,Non,Non,Oui,Non,Oui,Non,Non,Oui,Non,Non,Non,Non,Non,Oui,Oui,Oui
00000000112,00000000000000000000112000,IP_112,LOC112,Structure_112,633,PPSP_633,9,0,5,2,.86873001,0,107,1647,Secteur_1,2,Oui,Non,Non,Non,Non,Oui,Non,Oui,Non,Oui,Non,Oui,Oui,Oui,Oui,Oui,Non,Oui,Oui,Non,Non,Oui,Non,Non,Non,Non,Oui,Non,Non,Non,Non,Non
00000000113,00000000000000000000113000,IP_113,LOC113,Structure_113,724,PPSP_724,1,2,4,1,.058461092,0,116,1328,Secteur_8,6,Non,Oui,Oui,Non,Non,Oui,Oui,Non,Non,Oui,Oui,Oui,Oui,Oui,Non,Non,Oui,Oui,Non,Non,Non,Oui,Oui,Non,Non,Non,Oui,Non,Non,Oui,Oui,Non
00000000114,00000000000000000000114000,IP_114,LOC114,Structure_114,107,PPSP_107,11,0,2,3,.63114399,0,91,1345,Secteur_1,8,Oui,Non,Oui,Non,Oui,Oui,Oui,Non,Oui,Oui,Non,Oui,Oui,Oui,Oui,Oui,Oui,Oui,Oui,Non,Oui,Oui,Non,Non,Oui,Oui,Oui,Oui,Oui,Non,Non,Non
00000000115,00000000000000000000115000,IP_115,LOC115,Structure_115,293,PPSP_293,8,0,4,0,.46417758,0,124,1677,Secteur_7,6,Oui,Oui,Oui,Oui,Oui,Non,Oui,Non,Non,Oui,Oui,Oui,Non,Non,Oui,Non,Oui,Non,Oui,Oui,Non,Non,Oui,Oui,Oui,Oui,Oui,Oui,Oui,Non,Non,Non
00000000116,00000000000000000000116000,IP_116,LOC116,Structure_116,141,PPSP_141,8,0,4,0,.39295068,0,74,1489,Secteur_5,4,Oui,Oui,Oui,Oui,Non,Non,Oui,Oui,Non,Oui,Oui,Oui,Oui,Oui,Oui,Non,Oui,Non,Non,Oui,Oui,Oui,Oui,Oui,Non,Oui,Oui,Oui,Oui,Oui,Non,Non
00000000117,00000000000000000000117000,IP_117,LOC117,Structure_117,372,PPSP_372,7,0,4,3,.1868227,0,115,1224,Secteur_3,6,Oui,Non,Oui,Oui,Oui,Non,Non,Non,Oui,Non,Non,Oui,Oui,Non,Oui,Non,Non,Oui,Oui,Oui,Oui,Non,Non,Oui,Oui,Oui,Oui,Non,Non,Non,Non,Non
00000000118,00000000000000000000118000,IP_118,LOC118,Structure_118,389,PPSP_389,8,0,4,0,.25994301,0,85,1892,Secteur_2,8,Oui,Oui,Oui,Oui,Non,Non,Non,Non,Oui,Non,Oui,Oui,Oui,Non,Oui,Oui,Oui,Non,Non,Oui,Oui,Non,Oui,Oui,Non,Oui,Oui,Non,Non,Oui,Oui,Non
00000000119,00000000000000000000119000,IP_119,LOC119,Structure_119,541,PPSP_541,13,0,1,0,.77035844,0,76,1404,Secteur_5,5,Oui,Oui,Oui,Oui,Non,Oui,Non,Non,Oui,Oui,Non,Oui,Oui,Non,Non,Oui,Non,Non,Oui,Oui,Oui,Non,Non,Oui,Oui,Oui,Oui,Oui,Oui,Non,Non,Non
00000000120,00000000000000000000120000,IP_120,LOC120,Structure_120,416,PPSP_416,20,0,2,3,.04816179,0,94,1734,Secteur_7,1,Oui,Oui,Oui,Oui,Non,Oui,Oui,Oui,Oui,Oui,Oui,Oui,Oui,Oui,Oui,Oui,Oui,Oui,Oui,Non,Oui,Oui,Oui,Non,Oui,Oui,Non,Oui,Oui,Oui,Oui,Oui
00000000121,00000000000000000000121000,IP_121,LOC121,Structure_121,683,PPSP_683,15,0,1,3,.68720239,0,98,1600,Secteur_3,5,Oui,Oui,Oui,Oui,Non,Non,Non,Oui,Oui,Non,Non,Non,Non,Non,Non,Non,Non,Oui,Non,Non,Non,Oui,Oui,Oui,Non,Oui,Oui,Non,Oui,Oui,Non,Oui
00000000122,00000000000000000000122000,IP_122,LOC122,Structure_122,98,PPSP_98,14,0,1,0,.23782313,0,98,1781,Secteur_8,2,Oui,Oui,Oui,Oui,Oui,Non,Non,Non,Non,Non,Oui,Oui,Oui,Oui,Oui,Oui,Non,Non,Oui,Oui,Non,Non,Non,Oui,Oui,Oui,Non,Non,Oui,Non,Non,Non
00000000123,00000000000000000000123000,IP_123,LOC123,Structure_123,865,PPSP_865,8,0,3,0,.49227127,0,124,1724,Secteur_3,2,Oui,Oui,Non,Oui,Non,Oui,Oui,Non,Oui,Oui,Non,Oui,Oui,Oui,Oui,Non,Oui,Non,Non,Oui,Oui,Oui,Oui,Non,Non,Oui,Oui,Oui,Oui,Non,Non,Non
00000000124,00000000000000000000124000,IP_124,LOC124,Structure_124,597,PPSP_597,18,0,1,0,.88159734,0,74,1830,Secteur_6,2,Oui,Non,Oui,Oui,Oui,Non,Non,Non,Non,Non,Non,Oui,Non,Non,Oui,Non,Oui,Non,Oui,Oui,Non,Oui,Non,Oui,Oui,Oui,Oui,Non,Non,Oui,Non,Oui
00000000125,00000000000000000000125000,IP_125,LOC125,Structure_125,96,PPSP_96,14,0,3,1,.64378512,0,72,1270,Secteur_3,9,Oui,Oui,Oui,Oui,Non,Non,Oui,Non,Oui,Oui,Non,Oui,Non,Oui,Oui,Oui,Oui,Oui,Oui,Oui,Oui,Non,Non,Non,Non,Oui,Oui,Non,Non,Non,Non,Non
00000000126,00000000000000000000126000,IP_126,LOC126,Structure_126,50,PPSP_50,9,0,5,0,.78740168,0,124,1692,Secteur_7,2,Oui,Oui,Oui,Oui,Oui,Non,Oui,Non,Oui,Oui,Non,Oui,Oui,Oui,Oui,Oui,Oui,Non,Oui,Non,Oui,Oui,Non,Non,Non,Oui,Oui,Oui,Non,Non,Non,Non
00000000127,00000000000000000000127000,IP_127,LOC127,Structure_127,301,PPSP_301,17,0,4,1,.088702284,0,72,1768,Secteur_8,2,Oui,Oui,Non,Oui,Non,Oui,Non,Non,Oui,Oui,Non,Oui,Non,Oui,Non,Oui,Oui,Oui,Non,Oui,Oui,Oui,Non,Oui,Oui,Oui,Oui,Non,Non,Non,Non,Non
00000000128,00000000000000000000128000,IP_128,LOC128,Structure_128,275,PPSP_275,4,6,2,0,.4122909,0,100,1299,Secteur_3,5,Non,Oui,Oui,Oui,Oui,Non,Oui,Non,Non,Oui,Non,Non,Non,Non,Non,Non,Non,Non,Oui,Non,Non,Non,Oui,Oui,Oui,Oui,Non,Non,Oui,Non,Non,Non
00000000129,00000000000000000000129000,IP_129,LOC129,Structure_129,532,PPSP_532,8,0,3,0,.88433373,0,85,1481,Secteur_4,8,Oui,Oui,Oui,Oui,Non,Oui,Oui,Non,Oui,Oui,Non,Oui,Non,Oui,Oui,Oui,Oui,Non,Oui,Oui,Oui,Oui,Oui,Non,Oui,Oui,Oui,Oui,Oui,Oui,Non,Non
00000000130,00000000000000000000130000,IP_130,LOC130,Structure_130,20,PPSP_20,14,0,1,2,.89250422,0,72,1849,Secteur_6,4,Oui,Oui,Non,Oui,Oui,Non,Non,Oui,Oui,Non,Non,Oui,Oui,Oui,Oui,Oui,Oui,Oui,Non,Non,Oui,Oui,Oui,Oui,Oui,Oui,Oui,Non,Oui,Non,Non,Non
00000000131,00000000000000000000131000,IP_131,LOC131,Structure_131,665,PPSP_665,11,0,3,0,.99899805,0,87,1696,Secteur_3,6,Oui,Oui,Non,Oui,Oui,Oui,Oui,Non,Non,Oui,Non,Oui,Non,Oui,Non,Oui,Oui,Non,Oui,Oui,Oui,Non,Oui,Oui,Non,Non,Oui,Non,Non,Oui,Oui,Non
00000000132,00000000000000000000132000,IP_132,LOC132,Structure_132,845,PPSP_845,15,0,3,0,.53525871,0,130,1622,Secteur_7,6,Oui,Non,Non,Oui,Non,Oui,Oui,Non,Oui,Oui,Non,Oui,Non,Oui,Non,Oui,Non,Non,Oui,Non,Oui,Non,Non,Non,Oui,Oui,Non,Non,Oui,Oui,Oui,Non
00000000133,00000000000000000000133000,IP_133,LOC133,Structure_133,395,PPSP_395,18,0,4,0,.73323685,0,73,1780,Secteur_1,3,Oui,Oui,Oui,Oui,Oui,Oui,Oui,Oui,Oui,Oui,Oui,Oui,Oui,Oui,Oui,Oui,Oui,Non,Non,Oui,Oui,Oui,Oui,Oui,Oui,Oui,Oui,Oui,Non,Non,Non,Non
00000000134,00000000000000000000134000,IP_134,LOC134,Structure_134,764,PPSP_764,11,0,3,1,.24564934,0,107,1644,Secteur_3,5,Oui,Oui,Oui,Oui,Non,Oui,Oui,Non,Oui,Oui,Non,Non,Non,Non,Non,Non,Non,Oui,Non,Oui,Non,Oui,Oui,Non,Oui,Oui,Oui,Non,Oui,Oui,Oui,Non
00000000135,00000000000000000000135000,IP_135,LOC135,Structure_135,159,PPSP_159,14,0,2,0,.27760041,0,121,1843,Secteur_5,4,Oui,Oui,Oui,Oui,Oui,Non,Oui,Non,Oui,Oui,Non,Oui,Non,Oui,Oui,Non,Oui,Non,Oui,Non,Oui,Oui,Oui,Oui,Oui,Oui,Oui,Oui,Oui,Oui,Non,Non
00000000136,00000000000000000000136000,IP_136,LOC136,Structure_136,33,PPSP_33,15,0,1,1,.0033075702,0,87,1284,Secteur_2,5,Oui,Oui,Oui,Oui,Oui,Oui,Non,Oui,Oui,Oui,Oui,Oui,Oui,Oui,Non,Oui,Oui,Oui,Oui,Non,Oui,Oui,Oui,Non,Oui,Oui,Oui,Non,Oui,Oui,Oui,Oui
00000000137,00000000000000000000137000,IP_137,LOC137,Structure_137,614,PPSP_614,19,0,3,3,.1084013,0,92,1816,Secteur_4,8,Oui,Non,Non,Non,Oui,Non,Oui,Oui,Oui,Oui,Non,Non,Non,Non,Non,Non,Non,Oui,Non,Non,Non,Oui,Non,Oui,Oui,Oui,Oui,Oui,Oui,Non,Non,Non
00000000138,00000000000000000000138000,IP_138,LOC138,Structure_138,674,PPSP_674,16,0,4,0,.74325711,0,85,1714,Secteur_1,7,Oui,Oui,Non,Oui,Non,Oui,Non,Oui,Non,Oui,Non,Non,Non,Non,Non,Non,Non,Non,Non,Oui,Oui,Oui,Non,Oui,Non,Oui,Oui,Non,Oui,Oui,Oui,Oui
00000000139,00000000000000000000139000,IP_139,LOC139,Structure_139,75,PPSP_75,15,0,3,0,.47019187,0,77,1450,Secteur_6,8,Oui,Non,Non,Oui,Non,Non,Non,Non,Non,Non,Non,Oui,Oui,Non,Oui,Oui,Non,Non,Oui,Oui,Oui,Oui,Oui,Non,Oui,Oui,Oui,Non,Oui,Oui,Oui,Non
00000000140,00000000000000000000140000,IP_140,LOC140,Structure_140,92,PPSP_92,13,0,3,2,.17285579,0,101,1484,Secteur_3,5,Oui,Non,Oui,Oui,Oui,Non,Oui,Non,Non,Oui,Non,Non,Non,Non,Non,Non,Non,Oui,Non,Non,Oui,Oui,Non,Oui,Oui,Oui,Non,Non,Oui,Oui,Non,Oui
00000000141,00000000000000000000141000,IP_141,LOC141,Structure_141,306,PPSP_306,14,0,5,1,.53281248,0,97,1549,Secteur_8,6,Oui,Oui,Oui,Oui,Non,Oui,Non,Oui,Non,Oui,Non,Oui,Oui,Oui,Non,Non,Oui,Oui,Oui,Oui,Non,Oui,Non,Oui,Non,Oui,Oui,Non,Oui,Non,Non,Non
00000000142,00000000000000000000142000,IP_142,LOC142,Structure_142,53,PPSP_53,19,0,2,0,.6580404,0,75,1353,Secteur_9,6,Oui,Non,Oui,Non,Oui,Non,Oui,Non,Oui,Oui,Non,Non,Non,Non,Non,Non,Non,Non,Non,Oui,Oui,Non,Oui,Non,Non,Oui,Oui,Oui,Non,Oui,Non,Non
00000000143,00000000000000000000143000,IP_143,LOC143,Structure_143,521,PPSP_521,7,0,1,1,.045923229,0,104,1868,Secteur_1,4,Oui,Non,Oui,Non,Non,Oui,Non,Non,Oui,Oui,Non,Oui,Oui,Oui,Non,Non,Non,Oui,Oui,Non,Oui,Oui,Oui,Non,Non,Oui,Oui,Oui,Oui,Non,Non,Non
00000000144,00000000000000000000144000,IP_144,LOC144,Structure_144,891,PPSP_891,2,2,5,0,.46145317,0,79,1420,Secteur_2,1,Non,Non,Oui,Oui,Non,Oui,Oui,Oui,Oui,Oui,Non,Oui,Oui,Non,Non,Oui,Non,Non,Oui,Non,Non,Oui,Non,Non,Non,Oui,Oui,Non,Oui,Oui,Non,Oui
00000000145,00000000000000000000145000,IP_145,LOC145,Structure_145,145,PPSP_145,17,0,4,3,.096503645,0,130,1872,Secteur_6,2,Oui,Oui,Oui,Non,Non,Non,Oui,Oui,Oui,Oui,Oui,Non,Non,Non,Non,Non,Non,Oui,Non,Oui,Oui,Non,Non,Oui,Oui,Oui,Oui,Non,Oui,Non,Non,Non
00000000146,00000000000000000000146000,IP_146,LOC146,Structure_146,65,PPSP_65,12,0,2,3,.26002845,0,100,1800,Secteur_9,1,Oui,Oui,Oui,Oui,Non,Non,Oui,Oui,Non,Oui,Oui,Non,Non,Non,Non,Non,Non,Oui,Oui,Oui,Oui,Oui,Non,Non,Oui,Oui,Non,Oui,Oui,Oui,Oui,Oui
00000000147,00000000000000000000147000,IP_147,LOC147,Structure_147,449,PPSP_449,16,0,4,3,.36140954,0,117,1395,Secteur_7,7,Oui,Oui,Oui,Oui,Non,Oui,Oui,Oui,Non,Oui,Non,Non,Non,Non,Non,Non,Non,Oui,Oui,Oui,Oui,Oui,Oui,Oui,Oui,Oui,Non,Non,Non,Oui,Non,Oui
00000000148,00000000000000000000148000,IP_148,LOC148,Structure_148,707,PPSP_707,18,0,3,0,.52718282,0,107,1263,Secteur_5,4,Oui,Non,Oui,Oui,Non,Oui,Non,Oui,Non,Oui,Non,Oui,Oui,Non,Non,Oui,Oui,Non,Oui,Oui,Oui,Non,Non,Oui,Non,Oui,Oui,Non,Oui,Non,Non,Non
00000000149,00000000000000000000149000,IP_149,LOC149,Structure_149,940,PPSP_940,4,3,2,0,.60847783,0,129,1812,Secteur_4,9,Non,Oui,Non,Non,Non,Non,Oui,Oui,Oui,Oui,Oui,Non,Non,Non,Non,Non,Non,Non,Oui,Non,Oui,Non,Non,Oui,Oui,Oui,Oui,Non,Oui,Oui,Oui,Non
00000000150,00000000000000000000150000,IP_150,LOC150,Structure_0,523,PPSP_523,2,4,2,0,.29532981,0,109,1722,Secteur_5,6,Non,Non,Oui,Oui,Non,Non,Oui,Non,Oui,Oui,Oui,Non,Non,Non,Non,Non,Non,Non,Oui,Oui,Non,Oui,Oui,Oui,Oui,Oui,Non,Oui,Oui,Oui,Oui,Non
00000000151,00000000000000000000151000,IP_151,LOC151,Structure_1,795,PPSP_795,3,5,5,1,.35507712,0,115,1499,Secteur_4,8,Non,Oui,Oui,Oui,Oui,Non,Oui,Non,Oui,Oui,Non,Non,Non,Non,Non,Non,Non,Oui,Non,Non,Oui,Oui,Non,Oui,Non,Oui,Oui,Non,Oui,Oui,Oui,Non
00000000152,00000000000000000000152000,IP_152,LOC152,Structure_2,27,PPSP_27,12,0,1,3,.33561078,0,113,1376,Secteur_9,2,Oui,Oui,Non,Non,Non,Oui,Non,Oui,Oui,Oui,Non,Oui,Oui,Non,Oui,Oui,Non,Oui,Oui,Oui,Oui,Oui,Oui,Non,Non,Oui,Oui,Non,Oui,Oui,Non,Oui
00000000153,00000000000000000000153000,IP_153,LOC153,Structure_3,710,PPSP_710,2,5,2,3,.9842636,0,129,1519,Secteur_2,7,Non,Oui,Oui,Oui,Non,Oui,Oui,Oui,Non,Oui,Non,Non,Non,Non,Non,Non,Non,Oui,Oui,Oui,Non,Oui,Oui,Oui,Oui,Oui,Oui,Non,Oui,Oui,Non,Non
00000000154,00000000000000000000154000,IP_154,LOC154,Structure_4,370,PPSP_370,16,0,1,1,.69425827,0,79,1695,Secteur_1,8,Oui,Non,Oui,Oui,Non,Oui,Non,Non,Non,Oui,Oui,Non,Non,Non,Non,Non,Non,Oui,Oui,Non,Oui,Non,Non,Oui,Oui,Oui,Non,Oui,Oui,Oui,Non,Oui
00000000155,00000000000000000000155000,IP_155,LOC155,Structure_5,756,PPSP_756,5,0,4,2,.61775845,0,120,1424,Secteur_2,4,Oui,Oui,Oui,Non,Non,Non,Non,Oui,Oui,Non,Non,Non,Non,Non,Non,Non,Non,Oui,Non,Oui,Non,Oui,Non,Non,Oui,Oui,Non,Non,Oui,Oui,Non,Non
00000000156,00000000000000000000156000,IP_156,LOC156,Structure_6,106,PPSP_106,20,0,5,0,.96359617,0,109,1884,Secteur_4,2,Oui,Oui,Oui,Oui,Non,Non,Oui,Non,Non,Oui,Non,Oui,Oui,Oui,Oui,Oui,Oui,Non,Oui,Non,Non,Non,Oui,Oui,Oui,Oui,Oui,Oui,Non,Oui,Non,Non
00000000157,00000000000000000000157000,IP_157,LOC157,Structure_7,721,PPSP_721,17,0,3,0,.05778246,0,114,1704,Secteur_3,8,Oui,Oui,Oui,Oui,Oui,Non,Non,Oui,Oui,Non,Oui,Oui,Oui,Oui,Oui,Non,Oui,Non,Non,Oui,Oui,Oui,Oui,Oui,Oui,Oui,Non,Oui,Oui,Non,Non,Non
00000000158,00000000000000000000158000,IP_158,LOC158,Structure_8,60,PPSP_60,13,0,4,3,.5092501,0,87,1732,Secteur_1,2,Oui,Non,Oui,Oui,Oui,Non,Oui,Oui,Oui,Oui,Non,Non,Non,Non,Non,Non,Non,Oui,Oui,Non,Non,Oui,Non,Non,Oui,Oui,Oui,Oui,Oui,Non,Non,Non
00000000159,00000000000000000000159000,IP_159,LOC159,Structure_9,79,PPSP_79,6,0,2,2,.25051385,0,107,1882,Secteur_3,3,Oui,Oui,Oui,Oui,Non,Oui,Non,Oui,Oui,Oui,Oui,Oui,Non,Non,Non,Non,Non,Oui,Non,Non,Non,Non,Oui,Oui,Oui,Oui,Non,Non,Oui,Oui,Oui,Non
00000000160,00000000000000000000160000,IP_160,LOC160,Structure_10,866,PPSP_866,9,0,3,2,.02190179,0,108,1312,Secteur_8,1,Oui,Oui,Oui,Oui,Non,Oui,Oui,Oui,Non,Oui,Oui,Oui,Non,Oui,Non,Oui,Oui,Oui,Oui,Oui,Oui,Oui,Oui,Oui,Oui,Non,Oui,Oui,Non,Oui,Oui,Oui
00000000161,00000000000000000000161000,IP_161,LOC161,Structure_11,532,PPSP_532,9,0,2,1,.54650444,0,113,1532,Secteur_5,8,Oui,Non,Oui,Oui,Non,Non,Non,Non,Non,Non,Non,Non,Non,Non,Non,Non,Non,Oui,Oui,Non,Non,Oui,Oui,Oui,Oui,Oui,Oui,Non,Oui,Oui,Non,Non
00000000162,00000000000000000000162000,IP_162,LOC162,Structure_12,678,PPSP_678,7,0,4,3,.072084397,0,87,1646,Secteur_7,9,Oui,Oui,Oui,Oui,Non,Non,Oui,Oui,Oui,Oui,Oui,Non,Non,Non,Non,Non,Non,Oui,Non,Oui,Oui,Non,Oui,Oui,Oui,Oui,Oui,Oui,Oui,Oui,Oui,Oui
00000000163,00000000000000000000163000,IP_163,LOC163,Structure_13,23,PPSP_23,14,0,2,3,.67490667,0,122,1547,Secteur_5,1,Oui,Oui,Oui,Oui,Oui,Non,Non,Oui,Oui,Non,Non,Oui,Non,Non,Non,Non,Oui,Oui,Non,Oui,Oui,Oui,Non,Oui,Oui,Oui,Non,Non,Oui,Oui,Non,Non
00000000164,00000000000000000000164000,IP_164,LOC164,Structure_14,883,PPSP_883,20,0,1,2,.81223565,0,118,1410,Secteur_8,4,Oui,Oui,Oui,Oui,Non,Non,Oui,Oui,Non,Oui,Non,Non,Non,Non,Non,Non,Non,Oui,Non,Oui,Oui,Oui,Oui,Non,Oui,Non,Oui,Non,Non,Oui,Oui,Non
00000000165,00000000000000000000165000,IP_165,LOC165,Structure_15,267,PPSP_267,1,2,1,3,.50009429,0,90,1508,Secteur_6,7,Non,Non,Oui,Oui,Non,Non,Non,Oui,Non,Non,Non,Non,Non,Non,Non,Non,Non,Oui,Oui,Oui,Oui,Oui,Oui,Non,Non,Non,Non,Non,Non,Oui,Oui,Oui
00000000166,00000000000000000000166000,IP_166,LOC166,Structure_16,867,PPSP_867,7,0,4,2,.47682539,0,129,1401,Secteur_8,2,Oui,Non,Oui,Oui,Non,Non,Non,Oui,Oui,Non,Non,Oui,Non,Oui,Non,Non,Oui,Oui,Oui,Oui,Non,Non,Non,Oui,Oui,Oui,Oui,Non,Oui,Non,Non,Non
00000000167,00000000000000000000167000,IP_167,LOC167,Structure_17,805,PPSP_805,5,0,2,3,.92406368,0,103,1836,Secteur_8,5,Oui,Oui,Non,Oui,Oui,Non,Oui,Oui,Non,Oui,Non,Oui,Oui,Oui,Oui,Oui,Non,Oui,Non,Oui,Non,Oui,Non,Non,Oui,Oui,Oui,Non,Oui,Oui,Non,Oui
00000000168,00000000000000000000168000,IP_168,LOC168,Structure_18,7,PPSP_7,16,0,3,2,.30446139,0,89,1755,Secteur_1,3,Oui,Oui,Oui,Oui,Non,Oui,Oui,Oui,Oui,Oui,Non,Non,Non,Non,Non,Non,Non,Oui,Non,Non,Oui,Oui,Oui,Oui,Oui,Non,Non,Oui,Non,Oui,Oui,Non
00000000169,00000000000000000000169000,IP_169,LOC169,Structure_19,91,PPSP_91,7,0,5,1,.17343418,0,76,1892,Secteur_8,1,Oui,Oui,Oui,Oui,Oui,Oui,Non,Non,Oui,Oui,Non,Non,Non,Non,Non,Non,Non,Oui,Non,Oui,Oui,Oui,Non,Non,Non,Oui,Oui,Non,Oui,Oui,Oui,Oui
00000000170,00000000000000000000170000,IP_170,LOC170,Structure_20,149,PPSP_149,17,0,2,1,.054515157,0,94,1433,Secteur_2,9,Oui,Oui,Oui,Oui,Non,Non,Non,Oui,Oui,Non,Non,Oui,Oui,Non,Non,Non,Oui,Oui,Oui,Non,Non,Oui,Oui,Oui,Oui,Oui,Oui,Oui,Oui,Non,Non,Non
00000000171,00000000000000000000171000,IP_171,LOC171,Structure_21,91,PPSP_91,20,0,5,3,.024581144,0,105,1777,Secteur_8,3,Oui,Oui,Non,Oui,Non,Oui,Non,Non,Non,Oui,Non,Oui,Oui,Oui,Oui,Oui,Non,Oui,Oui,Oui,Oui,Oui,Oui,Oui,Oui,Oui,Oui,Oui,Oui,Oui,Non,Non
00000000172,00000000000000000000172000,IP_172,LOC172,Structure_22,241,PPSP_241,9,0,2,0,.91833425,0,72,1799,Secteur_9,4,Oui,Oui,Oui,Non,Oui,Oui,Oui,Oui,Oui,Oui,Oui,Oui,Oui,Oui,Non,Non,Oui,Non,Oui,Oui,Non,Non,Non,Oui,Oui,Oui,Oui,Non,Oui,Oui,Non,Oui
00000000173,00000000000000000000173000,IP_173,LOC173,Structure_23,532,PPSP_532,9,0,4,1,.42717075,0,106,1872,Secteur_9,8,Oui,Non,Non,Oui,Non,Oui,Oui,Non,Non,Oui,Non,Non,Non,Non,Non,Non,Non,Oui,Non,Non,Oui,Oui,Non,Oui,Non,Oui,Oui,Non,Oui,Oui,Oui,Oui
00000000174,00000000000000000000174000,IP_174,LOC174,Structure_24,215,PPSP_215,16,0,1,0,.26128384,0,68,1379,Secteur_9,1,Oui,Oui,Oui,Oui,Non,Non,Non,Non,Oui,Non,Oui,Non,Non,Non,Non,Non,Non,Non,Non,Oui,Oui,Oui,Oui,Oui,Non,Oui,Non,Non,Oui,Oui,Non,Non
00000000175,00000000000000000000175000,IP_175,LOC175,Structure_25,602,PPSP_602,1,3,5,0,.557666,0,92,1217,Secteur_6,7,Non,Oui,Non,Oui,Oui,Oui,Non,Oui,Non,Oui,Non,Oui,Oui,Oui,Non,Non,Non,Non,Oui,Oui,Oui,Oui,Oui,Oui,Oui,Oui,Oui,Oui,Oui,Non,Non,Non
00000000176,00000000000000000000176000,IP_176,LOC176,Structure_26,246,PPSP_246,15,0,3,0,.90343136,0,66,1651,Secteur_1,8,Oui,Oui,Oui,Oui,Oui,Non,Oui,Oui,Oui,Oui,Non,Oui,Oui,Non,Oui,Oui,Oui,Non,Oui,Non,Non,Non,Non,Non,Oui,Oui,Oui,Non,Non,Non,Non,Non
00000000177,00000000000000000000177000,IP_177,LOC177,Structure_27,528,PPSP_528,2,1,5,3,.10458469,0,107,1512,Secteur_4,2,Non,Oui,Oui,Oui,Non,Oui,Non,Oui,Oui,Oui,Non,Oui,Oui,Oui,Oui,Oui,Oui,Oui,Oui,Oui,Non,Non,Oui,Oui,Non,Oui,Oui,Non,Oui,Oui,Non,Non
00000000178,00000000000000000000178000,IP_178,LOC178,Structure_28,406,PPSP_406,12,0,1,0,.085191153,0,71,1348,Secteur_7,1,Oui,Oui,Oui,Oui,Oui,Oui,Non,Non,Non,Oui,Non,Oui,Oui,Non,Non,Non,Non,Non,Oui,Non,Non,Oui,Oui,Oui,Non,Oui,Non,Non,Non,Non,Non,Non
00000000179,00000000000000000000179000,IP_179,LOC179,Structure_29,254,PPSP_254,11,0,2,3,.57472497,0,77,1552,Secteur_6,7,Oui,Oui,Non,Oui,Non,Oui,Oui,Oui,Oui,Oui,Non,Non,Non,Non,Non,Non,Non,Oui,Oui,Non,Non,Oui,Non,Oui,Non,Oui,Oui,Non,Oui,Non,Non,Non
00000000180,00000000000000000000180000,IP_180,LOC180,Structure_30,250,PPSP_250,6,0,4,0,.30493841,0,105,1701,Secteur_2,6,Oui,Oui,Oui,Oui,Oui,Non,Oui,Non,Oui,Oui,Oui,Oui,Oui,Oui,Oui,Oui,Oui,Non,Oui,Oui,Oui,Oui,Oui,Non,Oui,Oui,Non,Non,Oui,Oui,Non,Non
00000000181,00000000000000000000181000,IP_181,LOC181,Structure_31,853,PPSP_853,5,0,1,1,.6452015,0,81,1840,Secteur_2,6,Oui,Non,Oui,Oui,Non,Non,Non,Oui,Non,Non,Oui,Non,Non,Non,Non,Non,Non,Oui,Oui,Non,Non,Oui,Oui,Oui,Oui,Oui,Oui,Non,Oui,Non,Non,Non
00000000182,00000000000000000000182000,IP_182,LOC182,Structure_32,72,PPSP_72,7,0,2,1,.72991341,0,93,1391,Secteur_5,2,Oui,Non,Non,Non,Non,Oui,Non,Non,Non,Oui,Oui,Oui,Oui,Oui,Oui,Non,Oui,Oui,Non,Non,Oui,Non,Non,Oui,Oui,Oui,Oui,Oui,Non,Non,Non,Non
00000000183,00000000000000000000183000,IP_183,LOC183,Structure_33,530,PPSP_530,1,4,2,0,.3770822,0,90,1617,Secteur_7,4,Non,Oui,Oui,Oui,Oui,Non,Oui,Oui,Non,Oui,Oui,Oui,Non,Non,Oui,Oui,Non,Non,Non,Oui,Non,Non,Non,Non,Oui,Oui,Oui,Non,Non,Oui,Oui,Oui
00000000184,00000000000000000000184000,IP_184,LOC184,Structure_34,216,PPSP_216,7,0,1,1,.86278832,0,109,1685,Secteur_1,9,Oui,Non,Oui,Oui,Non,Oui,Oui,Oui,Oui,Oui,Non,Non,Non,Non,Non,Non,Non,Oui,Oui,Oui,Non,Oui,Non,Oui,Non,Oui,Oui,Oui,Oui,Oui,Oui,Non
00000000185,00000000000000000000185000,IP_185,LOC185,Structure_35,356,PPSP_356,1,6,3,0,.86825901,0,75,1700,Secteur_5,2,Non,Oui,Oui,Oui,Non,Oui,Oui,Non,Non,Oui,Non,Oui,Oui,Oui,Oui,Oui,Non,Non,Oui,Oui,Non,Oui,Oui,Oui,Oui,Oui,Oui,Oui,Oui,Oui,Non,Non
00000000186,00000000000000000000186000,IP_186,LOC186,Structure_36,937,PPSP_937,10,0,5,1,.60438365,0,119,1708,Secteur_7,9,Oui,Oui,Oui,Oui,Non,Oui,Oui,Non,Oui,Oui,Non,Oui,Oui,Non,Oui,Oui,Oui,Oui,Non,Non,Oui,Non,Oui,Non,Oui,Oui,Non,Oui,Oui,Oui,Non,Oui
00000000187,00000000000000000000187000,IP_187,LOC187,Structure_37,94,PPSP_94,14,0,1,0,.38622758,0,90,1425,Secteur_3,9,Oui,Oui,Oui,Oui,Oui,Non,Oui,Non,Oui,Oui,Oui,Oui,Oui,Oui,Oui,Oui,Oui,Non,Oui,Oui,Oui,Oui,Oui,Oui,Oui,Oui,Oui,Non,Non,Oui,Non,Oui
00000000188,00000000000000000000188000,IP_188,LOC188,Structure_38,977,PPSP_977,12,0,1,3,.75030082,0,113,1519,Secteur_5,2,Oui,Oui,Non,Oui,Non,Non,Oui,Non,Non,Oui,Non,Oui,Oui,Oui,Oui,Non,Non,Oui,Oui,Non,Non,Oui,Non,Non,Oui,Oui,Non,Non,Non,Oui,Oui,Oui
00000000189,00000000000000000000189000,IP_189,LOC189,Structure_39,679,PPSP_679,8,0,2,0,.72849667,0,98,1393,Secteur_6,8,Oui,Oui,Oui,Oui,Oui,Oui,Oui,Non,Non,Oui,Oui,Non,Non,Non,Non,Non,Non,Non,Oui,Oui,Oui,Oui,Oui,Oui,Oui,Oui,Oui,Non,Oui,Oui,Oui,Oui
00000000190,00000000000000000000190000,IP_190,LOC190,Structure_40,552,PPSP_552,18,0,1,0,.98973787,0,69,1719,Secteur_4,7,Oui,Oui,Non,Oui,Non,Oui,Oui,Oui,Oui,Oui,Non,Non,Non,Non,Non,Non,Non,Non,Oui,Non,Oui,Non,Non,Oui,Oui,Oui,Non,Non,Oui,Non,Non,Non
00000000191,00000000000000000000191000,IP_191,LOC191,Structure_41,55,PPSP_55,5,0,2,3,.53328323,0,100,1416,Secteur_7,6,Oui,Oui,Oui,Oui,Oui,Oui,Oui,Non,Non,Oui,Non,Oui,Non,Oui,Oui,Non,Oui,Oui,Non,Oui,Non,Non,Non,Non,Non,Oui,Oui,Non,Oui,Oui,Non,Non
00000000192,00000000000000000000192000,IP_192,LOC192,Structure_42,160,PPSP_160,19,0,4,3,.54136568,0,122,1631,Secteur_4,2,Oui,Non,Oui,Oui,Non,Non,Oui,Oui,Non,Oui,Non,Oui,Oui,Oui,Non,Oui,Oui,Oui,Oui,Non,Non,Oui,Oui,Oui,Oui,Oui,Non,Non,Oui,Non,Non,Non
00000000193,00000000000000000000193000,IP_193,LOC193,Structure_43,56,PPSP_56,8,0,5,2,.38770393,0,113,1808,Secteur_5,7,Oui,Non,Oui,Non,Oui,Oui,Oui,Non,Non,Oui,Non,Oui,Non,Oui,Non,Oui,Non,Oui,Oui,Oui,Oui,Oui,Oui,Oui,Non,Oui,Oui,Oui,Oui,Oui,Oui,Oui
00000000194,00000000000000000000194000,IP_194,LOC194,Structure_44,592,PPSP_592,2,2,3,0,.96671396,0,68,1337,Secteur_3,7,Non,Oui,Non,Oui,Non,Non,Oui,Non,Oui,Oui,Non,Oui,Oui,Oui,Oui,Oui,Oui,Non,Oui,Oui,Oui,Non,Oui,Non,Non,Oui,Oui,Non,Oui,Oui,Non,Oui
00000000195,00000000000000000000195000,IP_195,LOC195,Structure_45,242,PPSP_242,6,0,2,0,.79996514,0,93,1805,Secteur_9,5,Oui,Oui,Non,Oui,Non,Non,Oui,Oui,Non,Oui,Non,Oui,Oui,Oui,Oui,Oui,Oui,Non,Non,Non,Oui,Oui,Oui,Non,Oui,Oui,Oui,Oui,Oui,Non,Non,Non
00000000196,00000000000000000000196000,IP_196,LOC196,Structure_46,943,PPSP_943,8,0,5,0,.96440268,0,108,1427,Secteur_4,3,Oui,Oui,Oui,Non,Non,Non,Oui,Non,Non,Oui,Oui,Oui,Non,Non,Oui,Non,Non,Non,Non,Non,Oui,Oui,Non,Oui,Non,Oui,Oui,Non,Non,Non,Non,Non
00000000197,00000000000000000000197000,IP_197,LOC197,Structure_47,904,PPSP_904,16,0,1,0,.38575193,0,85,1261,Secteur_5,8,Oui,Non,Non,Non,Non,Non,Non,Non,Oui,Non,Oui,Non,Non,Non,Non,Non,Non,Non,Non,Oui,Non,Oui,Oui,Oui,Oui,Oui,Oui,Oui,Oui,Oui,Oui,Oui
00000000198,00000000000000000000198000,IP_198,LOC198,Structure_48,150,PPSP_150,15,0,2,0,.11820849,0,108,1767,Secteur_4,6,Oui,Oui,Non,Oui,Oui,Non,Oui,Oui,Non,Oui,Oui,Non,Non,Non,Non,Non,Non,Non,Non,Non,Non,Non,Non,Non,Oui,Oui,Non,Oui,Oui,Oui,Non,Non
00000000199,00000000000000000000199000,IP_199,LOC199,Structure_49,463,PPSP_463,12,0,2,2,.50228333,0,119,1320,Secteur_1,6,Oui,Oui,Oui,Oui,Oui,Oui,Oui,Non,Oui,Oui,Non,Oui,Oui,Non,Oui,Non,Oui,Oui,Oui,Oui,Non,Non,Oui,Oui,Oui,Non,Non,Oui,Non,Oui,Non,Oui
00000000200,00000000000000000000200000,IP_200,LOC0,Structure_50,668,PPSP_668,2,2,5,2,.82584149,0,101,1300,Secteur_6,9,Non,Non,Oui,Oui,Non,Non,Non,Non,Non,Non,Non,Oui,Oui,Oui,Oui,Oui,Oui,Oui,Oui,Oui,Oui,Oui,Oui,Oui,Oui,Oui,Oui,Non,Oui,Oui,Non,Oui
00000000201,00000000000000000000201000,IP_201,LOC1,Structure_51,188,PPSP_188,14,0,2,3,.51295161,0,98,1891,Secteur_6,9,Oui,Oui,Non,Non,Non,Non,Oui,Non,Non,Oui,Non,Oui,Non,Oui,Non,Non,Oui,Oui,Oui,Oui,Oui,Oui,Oui,Non,Oui,Oui,Oui,Non,Oui,Oui,Oui,Oui
00000000202,00000000000000000000202000,IP_202,LOC2,Structure_52,7,PPSP_7,12,0,5,3,.084358245,0,69,1853,Secteur_6,7,Oui,Oui,Oui,Oui,Non,Oui,Non,Non,Non,Oui,Non,Non,Non,Non,Non,Non,Non,Oui,Oui,Non,Oui,Non,Oui,Non,Non,Oui,Non,Non,Oui,Non,Non,Non
00000000203,00000000000000000000203000,IP_203,LOC3,Structure_53,148,PPSP_148,11,0,4,0,.31831387,0,86,1748,Secteur_9,8,Oui,Non,Oui,Oui,Oui,Oui,Oui,Oui,Non,Oui,Non,Oui,Oui,Oui,Oui,Oui,Non,Non,Oui,Non,Non,Oui,Non,Oui,Non,Non,Oui,Non,Non,Oui,Non,Oui
00000000204,00000000000000000000204000,IP_204,LOC4,Structure_54,37,PPSP_37,2,5,3,1,.79022938,0,93,1365,Secteur_4,2,Non,Non,Non,Oui,Oui,Oui,Oui,Non,Non,Oui,Non,Oui,Oui,Oui,Oui,Non,Oui,Oui,Oui,Non,Non,Oui,Oui,Oui,Oui,Oui,Oui,Non,Oui,Oui,Oui,Non
00000000205,00000000000000000000205000,IP_205,LOC5,Structure_55,107,PPSP_107,4,1,1,3,.87005448,0,125,1841,Secteur_9,5,Non,Non,Oui,Oui,Non,Non,Oui,Non,Oui,Oui,Non,Non,Non,Non,Non,Non,Non,Oui,Non,Non,Oui,Non,Non,Oui,Oui,Oui,Oui,Non,Oui,Non,Non,Non
00000000206,00000000000000000000206000,IP_206,LOC6,Structure_56,199,PPSP_199,6,0,4,2,.57341874,0,97,1858,Secteur_9,8,Oui,Oui,Oui,Oui,Oui,Oui,Non,Non,Oui,Oui,Non,Non,Non,Non,Non,Non,Non,Oui,Oui,Oui,Oui,Oui,Oui,Oui,Oui,Oui,Non,Oui,Oui,Non,Non,Non
00000000207,00000000000000000000207000,IP_207,LOC7,Structure_57,911,PPSP_911,14,0,2,0,.57395613,0,87,1354,Secteur_9,3,Oui,Oui,Oui,Non,Oui,Oui,Non,Oui,Oui,Oui,Non,Oui,Oui,Non,Oui,Non,Non,Non,Oui,Oui,Oui,Oui,Non,Oui,Oui,Oui,Oui,Oui,Oui,Non,Non,Non
00000000208,00000000000000000000208000,IP_208,LOC8,Structure_58,178,PPSP_178,20,0,5,0,.010942698,0,86,1298,Secteur_3,9,Oui,Oui,Oui,Non,Non,Oui,Oui,Oui,Non,Oui,Oui,Non,Non,Non,Non,Non,Non,Non,Oui,Non,Non,Non,Oui,Non,Oui,Oui,Oui,Oui,Oui,Non,Non,Non
00000000209,00000000000000000000209000,IP_209,LOC9,Structure_59,803,PPSP_803,7,0,3,0,.74500185,0,81,1742,Secteur_6,7,Oui,Non,Oui,Non,Non,Oui,Oui,Oui,Oui,Oui,Oui,Oui,Non,Non,Oui,Oui,Oui,Non,Oui,Non,Non,Oui,Oui,Oui,Oui,Oui,Oui,Non,Non,Oui,Non,Non
00000000210,00000000000000000000210000,IP_210,LOC10,Structure_60,838,PPSP_838,3,6,1,1,.58902937,0,106,1508,Secteur_4,9,Non,Non,Oui,Oui,Non,Non,Oui,Non,Oui,Oui,Oui,Oui,Oui,Non,Non,Oui,Oui,Oui,Non,Non,Oui,Oui,Non,Oui,Oui,Oui,Oui,Oui,Oui,Non,Non,Non
00000000211,00000000000000000000211000,IP_211,LOC11,Structure_61,402,PPSP_402,12,0,2,0,.22357845,0,93,1796,Secteur_2,2,Oui,Oui,Oui,Non,Oui,Non,Oui,Non,Oui,Oui,Non,Non,Non,Non,Non,Non,Non,Non,Oui,Non,Non,Oui,Non,Oui,Oui,Oui,Oui,Non,Oui,Oui,Non,Non
00000000212,00000000000000000000212000,IP_212,LOC12,Structure_62,941,PPSP_941,19,0,5,0,.63396859,0,69,1396,Secteur_2,1,Oui,Oui,Oui,Oui,Non,Non,Oui,Non,Non,Oui,Oui,Non,Non,Non,Non,Non,Non,Non,Oui,Oui,Oui,Oui,Oui,Oui,Non,Oui,Oui,Non,Oui,Oui,Non,Non
00000000213,00000000000000000000213000,IP_213,LOC13,Structure_63,789,PPSP_789,8,0,1,0,.56436449,0,106,1280,Secteur_5,2,Oui,Oui,Oui,Oui,Oui,Non,Oui,Non,Non,Oui,Oui,Non,Non,Non,Non,Non,Non,Non,Non,Oui,Non,Oui,Non,Oui,Non,Oui,Oui,Non,Oui,Non,Non,Non
00000000214,00000000000000000000214000,IP_214,LOC14,Structure_64,15,PPSP_15,12,0,2,1,.65031493,0,80,1234,Secteur_5,8,Oui,Non,Non,Oui,Oui,Oui,Non,Non,Oui,Oui,Non,Non,Non,Non,Non,Non,Non,Oui,Oui,Non,Non,Non,Non,Oui,Oui,Oui,Oui,Non,Oui,Non,Non,Non
00000000215,00000000000000000000215000,IP_215,LOC15,Structure_65,253,PPSP_253,6,0,1,1,.95402497,0,127,1642,Secteur_2,9,Oui,Oui,Non,Non,Oui,Non,Non,Oui,Oui,Non,Oui,Oui,Oui,Non,Oui,Oui,Oui,Oui,Non,Oui,Non,Oui,Oui,Oui,Non,Oui,Non,Oui,Oui,Oui,Oui,Non
00000000216,00000000000000000000216000,IP_216,LOC16,Structure_66,751,PPSP_751,6,0,2,2,.78929353,0,130,1252,Secteur_9,1,Oui,Non,Oui,Oui,Non,Oui,Non,Oui,Non,Oui,Non,Oui,Non,Oui,Oui,Non,Non,Oui,Oui,Oui,Non,Non,Oui,Non,Oui,Oui,Non,Oui,Oui,Oui,Non,Non
00000000217,00000000000000000000217000,IP_217,LOC17,Structure_67,88,PPSP_88,20,0,2,0,.95238924,0,102,1252,Secteur_6,6,Oui,Oui,Oui,Oui,Non,Oui,Oui,Non,Non,Oui,Oui,Oui,Oui,Oui,Non,Oui,Oui,Non,Oui,Oui,Non,Oui,Non,Non,Oui,Oui,Non,Non,Non,Oui,Non,Oui
00000000218,00000000000000000000218000,IP_218,LOC18,Structure_68,147,PPSP_147,17,0,2,1,.17398991,0,128,1423,Secteur_8,2,Oui,Oui,Non,Oui,Oui,Oui,Non,Oui,Non,Oui,Non,Non,Non,Non,Non,Non,Non,Oui,Oui,Oui,Non,Oui,Non,Oui,Oui,Oui,Non,Oui,Oui,Non,Non,Non
00000000219,00000000000000000000219000,IP_219,LOC19,Structure_69,372,PPSP_372,16,0,4,3,.67007339,0,99,1663,Secteur_1,6,Oui,Non,Oui,Oui,Non,Oui,Non,Oui,Oui,Oui,Non,Oui,Oui,Oui,Oui,Oui,Oui,Oui,Oui,Oui,Oui,Non,Non,Oui,Oui,Oui,Oui,Non,Oui,Non,Non,Non
00000000220,00000000000000000000220000,IP_220,LOC20,Structure_70,736,PPSP_736,11,0,1,2,.83982199,0,95,1207,Secteur_5,4,Oui,Non,Oui,Non,Non,Oui,Oui,Oui,Oui,Oui,Non,Oui,Non,Non,Oui,Oui,Oui,Oui,Oui,Non,Oui,Oui,Non,Oui,Oui,Oui,Oui,Non,Non,Non,Non,Non
00000000221,00000000000000000000221000,IP_221,LOC21,Structure_71,594,PPSP_594,12,0,2,1,.47811991,0,110,1591,Secteur_9,2,Oui,Oui,Oui,Oui,Oui,Oui,Oui,Non,Oui,Oui,Non,Non,Non,Non,Non,Non,Non,Oui,Oui,Non,Oui,Oui,Non,Non,Non,Oui,Oui,Non,Oui,Non,Non,Non
00000000222,00000000000000000000222000,IP_222,LOC22,Structure_72,879,PPSP_879,16,0,4,1,.88088548,0,89,1311,Secteur_4,8,Oui,Oui,Non,Oui,Oui,Oui,Oui,Oui,Non,Oui,Oui,Oui,Oui,Non,Oui,Non,Oui,Oui,Oui,Oui,Non,Oui,Oui,Oui,Non,Non,Oui,Oui,Non,Oui,Non,Non
00000000223,00000000000000000000223000,IP_223,LOC23,Structure_73,297,PPSP_297,5,0,3,0,.54190451,0,118,1404,Secteur_3,6,Oui,Oui,Oui,Oui,Non,Non,Non,Oui,Oui,Non,Non,Oui,Oui,Oui,Oui,Oui,Oui,Non,Oui,Non,Oui,Oui,Oui,Non,Non,Oui,Oui,Non,Oui,Oui,Oui,Oui
00000000224,00000000000000000000224000,IP_224,LOC24,Structure_74,845,PPSP_845,7,0,3,1,.27839306,0,81,1592,Secteur_2,9,Oui,Oui,Oui,Oui,Oui,Oui,Oui,Oui,Oui,Oui,Oui,Oui,Oui,Oui,Oui,Non,Oui,Oui,Non,Oui,Oui,Oui,Non,Non,Non,Oui,Oui,Oui,Oui,Oui,Non,Non
00000000225,00000000000000000000225000,IP_225,LOC25,Structure_75,359,PPSP_359,8,0,1,3,.73973852,0,104,1402,Secteur_3,1,Oui,Oui,Non,Non,Non,Non,Oui,Non,Oui,Oui,Non,Non,Non,Non,Non,Non,Non,Oui,Oui,Oui,Oui,Oui,Non,Oui,Oui,Oui,Oui,Oui,Oui,Oui,Oui,Oui
00000000226,00000000000000000000226000,IP_226,LOC26,Structure_76,641,PPSP_641,9,0,2,2,.93837792,0,100,1831,Secteur_7,5,Oui,Oui,Oui,Oui,Non,Oui,Non,Oui,Non,Oui,Non,Oui,Non,Oui,Non,Non,Oui,Oui,Oui,Non,Non,Oui,Oui,Non,Oui,Oui,Oui,Non,Oui,Oui,Non,Oui
00000000227,00000000000000000000227000,IP_227,LOC27,Structure_77,261,PPSP_261,15,0,5,3,.90115696,0,82,1607,Secteur_8,2,Oui,Oui,Oui,Oui,Non,Non,Non,Non,Oui,Non,Non,Non,Non,Non,Non,Non,Non,Oui,Oui,Oui,Oui,Oui,Oui,Oui,Oui,Oui,Oui,Oui,Oui,Oui,Oui,Non
00000000228,00000000000000000000228000,IP_228,LOC28,Structure_78,414,PPSP_414,8,0,2,0,.9492541,0,122,1792,Secteur_3,6,Oui,Oui,Oui,Oui,Non,Oui,Oui,Non,Non,Oui,Oui,Non,Non,Non,Non,Non,Non,Non,Oui,Oui,Non,Oui,Non,Non,Oui,Oui,Oui,Non,Oui,Non,Non,Non
00000000229,00000000000000000000229000,IP_229,LOC29,Structure_79,285,PPSP_285,13,0,3,0,.73031378,0,130,1471,Secteur_7,9,Oui,Oui,Oui,Oui,Non,Oui,Non,Oui,Non,Oui,Non,Oui,Oui,Non,Oui,Oui,Non,Non,Non,Oui,Oui,Oui,Oui,Oui,Non,Oui,Non,Oui,Oui,Oui,Oui,Non
00000000230,00000000000000000000230000,IP_230,LOC30,Structure_80,557,PPSP_557,5,0,1,0,.546323,0,82,1395,Secteur_5,6,Oui,Oui,Oui,Non,Non,Oui,Non,Oui,Non,Oui,Oui,Non,Non,Non,Non,Non,Non,Non,Oui,Oui,Oui,Oui,Oui,Non,Oui,Oui,Oui,Non,Oui,Non,Non,Non
00000000231,00000000000000000000231000,IP_231,LOC31,Structure_81,94,PPSP_94,18,0,3,2,.44614547,0,105,1533,Secteur_7,1,Oui,Oui,Oui,Oui,Oui,Oui,Oui,Non,Oui,Oui,Non,Oui,Oui,Oui,Oui,Oui,Oui,Oui,Non,Oui,Oui,Non,Non,Oui,Oui,Non,Oui,Non,Non,Oui,Non,Oui
00000000232,00000000000000000000232000,IP_232,LOC32,Structure_82,3,PPSP_3,5,0,5,0,.053018238,0,103,1780,Secteur_7,8,Oui,Non,Oui,Oui,Non,Non,Oui,Non,Non,Oui,Non,Oui,Non,Non,Oui,Non,Non,Non,Oui,Oui,Oui,Oui,Oui,Oui,Oui,Oui,Non,Non,Oui,Non,Non,Non
00000000233,00000000000000000000233000,IP_233,LOC33,Structure_83,466,PPSP_466,9,0,4,0,.9756732,0,73,1595,Secteur_3,3,Oui,Oui,Oui,Oui,Non,Non,Non,Oui,Oui,Non,Non,Non,Non,Non,Non,Non,Non,Non,Non,Non,Oui,Oui,Oui,Oui,Oui,Non,Oui,Non,Non,Non,Non,Non
00000000234,00000000000000000000234000,IP_234,LOC34,Structure_84,379,PPSP_379,10,0,1,0,.3632893,0,66,1639,Secteur_2,5,Oui,Oui,Non,Oui,Oui,Oui,Oui,Oui,Oui,Oui,Non,Non,Non,Non,Non,Non,Non,Non,Non,Oui,Oui,Oui,Oui,Non,Oui,Oui,Oui,Non,Non,Oui,Non,Oui
00000000235,00000000000000000000235000,IP_235,LOC35,Structure_85,952,PPSP_952,20,0,4,3,.78126597,0,120,1800,Secteur_4,1,Oui,Non,Oui,Oui,Non,Non,Non,Non,Non,Non,Non,Non,Non,Non,Non,Non,Non,Oui,Non,Oui,Oui,Non,Oui,Oui,Oui,Non,Oui,Non,Non,Oui,Oui,Oui
00000000236,00000000000000000000236000,IP_236,LOC36,Structure_86,158,PPSP_158,6,0,4,3,.71553457,0,104,1471,Secteur_8,8,Oui,Oui,Oui,Oui,Non,Non,Oui,Oui,Oui,Oui,Oui,Non,Non,Non,Non,Non,Non,Oui,Oui,Non,Oui,Oui,Oui,Oui,Oui,Oui,Oui,Oui,Oui,Oui,Non,Non
00000000237,00000000000000000000237000,IP_237,LOC37,Structure_87,487,PPSP_487,16,0,2,1,.10841659,0,122,1742,Secteur_1,2,Oui,Oui,Non,Oui,Oui,Non,Oui,Oui,Oui,Oui,Oui,Oui,Oui,Oui,Non,Oui,Oui,Oui,Oui,Oui,Oui,Oui,Non,Oui,Oui,Oui,Non,Oui,Oui,Non,Non,Non
00000000238,00000000000000000000238000,IP_238,LOC38,Structure_88,529,PPSP_529,10,0,4,2,.35254437,0,84,1201,Secteur_3,4,Oui,Oui,Non,Oui,Oui,Non,Non,Oui,Non,Non,Oui,Non,Non,Non,Non,Non,Non,Oui,Non,Oui,Oui,Oui,Oui,Oui,Oui,Non,Oui,Non,Non,Oui,Oui,Oui
00000000239,00000000000000000000239000,IP_239,LOC39,Structure_89,771,PPSP_771,5,0,5,0,.58408695,0,83,1261,Secteur_9,1,Oui,Oui,Oui,Oui,Non,Non,Non,Oui,Non,Non,Non,Oui,Non,Non,Non,Oui,Oui,Non,Oui,Non,Non,Oui,Non,Oui,Oui,Oui,Oui,Non,Oui,Oui,Oui,Oui
00000000240,00000000000000000000240000,IP_240,LOC40,Structure_90,741,PPSP_741,5,0,1,0,.81526852,0,116,1520,Secteur_6,8,Oui,Non,Oui,Oui,Non,Non,Non,Non,Oui,Non,Oui,Non,Non,Non,Non,Non,Non,Non,Oui,Non,Non,Oui,Oui,Non,Non,Oui,Oui,Oui,Non,Oui,Oui,Oui
00000000241,00000000000000000000241000,IP_241,LOC41,Structure_91,278,PPSP_278,10,0,1,0,.88666964,0,85,1424,Secteur_6,3,Oui,Non,Non,Oui,Oui,Oui,Oui,Oui,Oui,Oui,Oui,Non,Non,Non,Non,Non,Non,Non,Non,Non,Oui,Oui,Non,Oui,Oui,Oui,Non,Oui,Oui,Oui,Oui,Oui
00000000242,00000000000000000000242000,IP_242,LOC42,Structure_92,560,PPSP_560,2,1,5,0,.35008729,0,66,1641,Secteur_2,4,Non,Oui,Oui,Oui,Non,Non,Oui,Oui,Non,Oui,Oui,Non,Non,Non,Non,Non,Non,Non,Non,Oui,Oui,Non,Oui,Oui,Non,Oui,Oui,Oui,Oui,Non,Non,Non
00000000243,00000000000000000000243000,IP_243,LOC43,Structure_93,486,PPSP_486,20,0,3,0,.20978342,0,111,1856,Secteur_1,9,Oui,Non,Oui,Oui,Non,Oui,Oui,Non,Non,Oui,Oui,Oui,Oui,Oui,Oui,Oui,Oui,Non,Non,Non,Oui,Non,Oui,Non,Oui,Oui,Oui,Non,Oui,Non,Non,Non
00000000244,00000000000000000000244000,IP_244,LOC44,Structure_94,480,PPSP_480,13,0,2,0,.99199665,0,71,1590,Secteur_7,6,Oui,Oui,Non,Oui,Oui,Non,Oui,Oui,Non,Oui,Oui,Non,Non,Non,Non,Non,Non,Non,Oui,Non,Non,Non,Non,Non,Oui,Oui,Oui,Oui,Oui,Oui,Oui,Non
00000000245,00000000000000000000245000,IP_245,LOC45,Structure_95,386,PPSP_386,17,0,3,3,.40131313,0,66,1540,Secteur_7,5,Oui,Oui,Oui,Oui,Non,Non,Non,Oui,Oui,Non,Non,Non,Non,Non,Non,Non,Non,Oui,Oui,Non,Oui,Non,Oui,Oui,Oui,Oui,Oui,Non,Oui,Oui,Oui,Non
00000000246,00000000000000000000246000,IP_246,LOC46,Structure_96,632,PPSP_632,14,0,5,3,.36150262,0,84,1703,Secteur_1,4,Oui,Non,Oui,Oui,Non,Non,Non,Non,Oui,Non,Non,Oui,Oui,Oui,Non,Oui,Oui,Oui,Non,Oui,Non,Oui,Non,Oui,Oui,Oui,Non,Non,Oui,Oui,Oui,Oui
00000000247,00000000000000000000247000,IP_247,LOC47,Structure_97,952,PPSP_952,2,3,3,3,.63318676,0,116,1219,Secteur_4,3,Non,Oui,Oui,Oui,Non,Oui,Non,Non,Non,Oui,Non,Non,Non,Non,Non,Non,Non,Oui,Oui,Non,Non,Oui,Non,Oui,Non,Non,Oui,Non,Non,Non,Non,Non
00000000248,00000000000000000000248000,IP_248,LOC48,Structure_98,930,PPSP_930,4,6,4,0,.8217243,0,102,1579,Secteur_1,1,Non,Non,Non,Oui,Oui,Non,Non,Non,Non,Non,Oui,Non,Non,Non,Non,Non,Non,Non,Oui,Oui,Oui,Non,Oui,Non,Non,Non,Non,Oui,Non,Oui,Non,Oui
00000000249,00000000000000000000249000,IP_249,LOC49,Structure_99,219,PPSP_219,2,5,3,2,.034861699,0,71,1206,Secteur_8,9,Non,Non,Oui,Oui,Non,Non,Non,Oui,Non,Non,Non,Oui,Oui,Oui,Non,Oui,Non,Oui,Non,Non,Oui,Oui,Non,Non,Oui,Oui,Non,Non,Oui,Oui,Oui,Non
00000000250,00000000000000000000250000,IP_250,LOC50,Structure_100,61,PPSP_61,19,0,4,1,.2587952,0,84,1607,Secteur_4,5,Oui,Oui,Oui,Oui,Oui,Non,Oui,Oui,Non,Oui,Non,Oui,Oui,Non,Oui,Oui,Oui,Oui,Non,Non,Oui,Oui,Oui,Oui,Oui,Oui,Oui,Non,Oui,Oui,Non,Oui
00000000251,00000000000000000000251000,IP_251,LOC51,Structure_101,70,PPSP_70,18,0,4,0,.011738729,0,73,1886,Secteur_2,9,Oui,Oui,Oui,Oui,Non,Oui,Oui,Oui,Oui,Oui,Non,Oui,Oui,Non,Non,Oui,Oui,Non,Non,Oui,Oui,Oui,Oui,Non,Oui,Oui,Oui,Non,Oui,Oui,Non,Oui
00000000252,00000000000000000000252000,IP_252,LOC52,Structure_102,273,PPSP_273,13,0,1,2,.4531303,0,105,1809,Secteur_1,6,Oui,Oui,Oui,Non,Non,Oui,Non,Non,Non,Oui,Non,Non,Non,Non,Non,Non,Non,Oui,Oui,Non,Oui,Oui,Oui,Oui,Oui,Non,Oui,Non,Non,Oui,Non,Non
00000000253,00000000000000000000253000,IP_253,LOC53,Structure_103,269,PPSP_269,9,0,1,0,.69187987,0,90,1212,Secteur_3,3,Oui,Oui,Oui,Oui,Oui,Oui,Oui,Oui,Oui,Oui,Non,Non,Non,Non,Non,Non,Non,Non,Oui,Oui,Non,Oui,Oui,Oui,Oui,Oui,Oui,Oui,Oui,Non,Non,Non
00000000254,00000000000000000000254000,IP_254,LOC54,Structure_104,635,PPSP_635,7,0,2,2,.37827936,0,116,1279,Secteur_7,5,Oui,Oui,Oui,Oui,Non,Non,Non,Oui,Non,Non,Oui,Non,Non,Non,Non,Non,Non,Oui,Non,Oui,Oui,Non,Oui,Non,Oui,Oui,Oui,Oui,Oui,Oui,Non,Oui
00000000255,00000000000000000000255000,IP_255,LOC55,Structure_105,816,PPSP_816,1,4,1,0,.9462375,0,74,1836,Secteur_4,4,Non,Non,Oui,Oui,Oui,Oui,Non,Oui,Oui,Oui,Oui,Oui,Oui,Oui,Oui,Non,Oui,Non,Oui,Oui,Non,Oui,Non,Non,Oui,Oui,Non,Oui,Non,Non,Non,Non
00000000256,00000000000000000000256000,IP_256,LOC56,Structure_106,578,PPSP_578,5,0,2,3,.80915678,0,85,1402,Secteur_9,1,Oui,Oui,Non,Oui,Oui,Non,Oui,Non,Non,Oui,Oui,Non,Non,Non,Non,Non,Non,Oui,Non,Oui,Non,Non,Non,Oui,Oui,Oui,Oui,Oui,Oui,Non,Non,Non
00000000257,00000000000000000000257000,IP_257,LOC57,Structure_107,254,PPSP_254,18,0,5,0,.64063144,0,84,1343,Secteur_1,9,Oui,Oui,Oui,Oui,Oui,Oui,Oui,Oui,Non,Oui,Non,Oui,Oui,Oui,Non,Oui,Oui,Non,Oui,Oui,Oui,Oui,Non,Non,Oui,Oui,Oui,Non,Oui,Oui,Oui,Oui
00000000258,00000000000000000000258000,IP_258,LOC58,Structure_108,778,PPSP_778,19,0,5,1,.71292979,0,71,1744,Secteur_7,2,Oui,Non,Non,Oui,Oui,Oui,Non,Oui,Oui,Oui,Non,Oui,Non,Oui,Non,Non,Oui,Oui,Oui,Non,Oui,Non,Oui,Oui,Non,Oui,Oui,Non,Oui,Non,Non,Non
00000000259,00000000000000000000259000,IP_259,LOC59,Structure_109,142,PPSP_142,19,0,5,1,.16572331,0,72,1653,Secteur_5,2,Oui,Non,Oui,Oui,Non,Non,Oui,Non,Oui,Oui,Oui,Oui,Non,Oui,Oui,Oui,Oui,Oui,Oui,Oui,Oui,Non,Oui,Oui,Oui,Oui,Oui,Non,Oui,Non,Non,Non
00000000260,00000000000000000000260000,IP_260,LOC60,Structure_110,958,PPSP_958,5,0,4,2,.96782225,0,126,1372,Secteur_6,2,Oui,Oui,Oui,Oui,Non,Oui,Non,Non,Oui,Oui,Non,Non,Non,Non,Non,Non,Non,Oui,Oui,Oui,Non,Oui,Non,Oui,Oui,Oui,Oui,Oui,Oui,Oui,Non,Oui
00000000261,00000000000000000000261000,IP_261,LOC61,Structure_111,391,PPSP_391,5,0,1,0,.89098263,0,121,1887,Secteur_3,6,Oui,Oui,Oui,Oui,Non,Oui,Oui,Non,Oui,Oui,Oui,Oui,Non,Non,Oui,Non,Oui,Non,Oui,Oui,Non,Oui,Oui,Oui,Oui,Oui,Non,Oui,Oui,Oui,Oui,Non
00000000262,00000000000000000000262000,IP_262,LOC62,Structure_112,112,PPSP_112,9,0,4,0,.73864889,0,101,1656,Secteur_8,9,Oui,Oui,Oui,Oui,Oui,Oui,Oui,Oui,Non,Oui,Non,Non,Non,Non,Non,Non,Non,Non,Oui,Oui,Non,Oui,Non,Non,Oui,Oui,Oui,Non,Oui,Non,Non,Non
00000000263,00000000000000000000263000,IP_263,LOC63,Structure_113,633,PPSP_633,4,6,5,0,.65222019,0,100,1444,Secteur_5,5,Non,Oui,Non,Non,Non,Oui,Non,Non,Non,Oui,Non,Oui,Oui,Oui,Oui,Oui,Oui,Non,Oui,Non,Non,Non,Oui,Oui,Oui,Oui,Oui,Non,Non,Oui,Non,Oui
00000000264,00000000000000000000264000,IP_264,LOC64,Structure_114,608,PPSP_608,10,0,3,0,.72436452,0,67,1234,Secteur_8,7,Oui,Oui,Oui,Oui,Oui,Oui,Non,Oui,Non,Oui,Non,Non,Non,Non,Non,Non,Non,Non,Oui,Oui,Oui,Oui,Oui,Oui,Oui,Oui,Non,Non,Oui,Non,Non,Non
00000000265,00000000000000000000265000,IP_265,LOC65,Structure_115,761,PPSP_761,6,0,5,2,.50443047,0,88,1539,Secteur_8,3,Oui,Oui,Non,Oui,Oui,Oui,Non,Oui,Oui,Oui,Oui,Oui,Oui,Oui,Oui,Oui,Oui,Oui,Oui,Non,Oui,Non,Oui,Oui,Oui,Non,Oui,Non,Non,Oui,Oui,Non
00000000266,00000000000000000000266000,IP_266,LOC66,Structure_116,34,PPSP_34,15,0,2,2,.2831907,0,81,1864,Secteur_6,1,Oui,Non,Non,Non,Non,Non,Non,Non,Oui,Non,Oui,Oui,Oui,Non,Oui,Oui,Oui,Oui,Non,Non,Oui,Oui,Non,Oui,Oui,Oui,Oui,Non,Non,Oui,Non,Non
00000000267,00000000000000000000267000,IP_267,LOC67,Structure_117,777,PPSP_777,11,0,5,1,.23421618,0,97,1864,Secteur_5,6,Oui,Oui,Non,Oui,Non,Non,Non,Oui,Oui,Non,Non,Non,Non,Non,Non,Non,Non,Oui,Oui,Non,Oui,Oui,Non,Oui,Oui,Non,Non,Oui,Non,Non,Non,Non
00000000268,00000000000000000000268000,IP_268,LOC68,Structure_118,108,PPSP_108,11,0,3,0,.43157247,0,100,1416,Secteur_3,8,Oui,Non,Oui,Oui,Non,Oui,Non,Non,Non,Oui,Non,Oui,Oui,Non,Non,Non,Oui,Non,Oui,Oui,Oui,Oui,Non,Non,Oui,Oui,Oui,Non,Oui,Oui,Non,Oui
00000000269,00000000000000000000269000,IP_269,LOC69,Structure_119,869,PPSP_869,16,0,1,2,.68265504,0,90,1756,Secteur_9,7,Oui,Oui,Oui,Oui,Non,Non,Oui,Oui,Oui,Oui,Non,Non,Non,Non,Non,Non,Non,Oui,Non,Oui,Oui,Oui,Non,Oui,Oui,Oui,Oui,Non,Oui,Non,Non,Non
00000000270,00000000000000000000270000,IP_270,LOC70,Structure_120,765,PPSP_765,16,0,2,0,.3523435,0,67,1449,Secteur_4,6,Oui,Oui,Non,Oui,Non,Non,Oui,Oui,Oui,Oui,Non,Non,Non,Non,Non,Non,Non,Non,Oui,Oui,Oui,Non,Non,Oui,Oui,Oui,Oui,Non,Oui,Oui,Oui,Oui
00000000271,00000000000000000000271000,IP_271,LOC71,Structure_121,901,PPSP_901,15,0,1,2,.5743795,0,81,1873,Secteur_2,6,Oui,Oui,Oui,Oui,Oui,Oui,Oui,Oui,Non,Oui,Non,Oui,Oui,Oui,Oui,Oui,Oui,Oui,Oui,Oui,Oui,Oui,Oui,Oui,Oui,Non,Oui,Non,Non,Oui,Oui,Non
00000000272,00000000000000000000272000,IP_272,LOC72,Structure_122,604,PPSP_604,1,4,1,0,.77977896,0,73,1880,Secteur_7,9,Non,Oui,Non,Oui,Oui,Non,Non,Non,Non,Non,Oui,Oui,Oui,Non,Oui,Non,Oui,Non,Non,Non,Non,Oui,Oui,Oui,Non,Oui,Non,Oui,Oui,Non,Non,Non
00000000273,00000000000000000000273000,IP_273,LOC73,Structure_123,909,PPSP_909,14,0,5,0,.48713702,0,70,1709,Secteur_6,5,Oui,Oui,Non,Non,Oui,Oui,Non,Oui,Non,Oui,Oui,Oui,Oui,Oui,Non,Oui,Oui,Non,Non,Oui,Oui,Non,Oui,Oui,Non,Oui,Oui,Non,Oui,Non,Non,Non
00000000274,00000000000000000000274000,IP_274,LOC74,Structure_124,153,PPSP_153,10,0,2,3,.029969873,0,97,1304,Secteur_2,7,Oui,Oui,Oui,Oui,Oui,Non,Oui,Oui,Non,Oui,Non,Oui,Oui,Oui,Oui,Oui,Oui,Oui,Oui,Non,Non,Oui,Non,Non,Oui,Oui,Oui,Non,Oui,Oui,Oui,Oui
00000000275,00000000000000000000275000,IP_275,LOC75,Structure_125,505,PPSP_505,8,0,2,0,.92845953,0,115,1348,Secteur_4,9,Oui,Oui,Oui,Oui,Non,Oui,Non,Non,Non,Oui,Non,Oui,Oui,Oui,Non,Non,Oui,Non,Oui,Non,Oui,Oui,Oui,Non,Oui,Non,Oui,Non,Non,Oui,Oui,Non
00000000276,00000000000000000000276000,IP_276,LOC76,Structure_126,557,PPSP_557,6,0,3,0,.46212223,0,66,1610,Secteur_7,3,Oui,Oui,Oui,Oui,Non,Non,Non,Non,Non,Non,Oui,Non,Non,Non,Non,Non,Non,Non,Oui,Non,Oui,Non,Oui,Non,Oui,Oui,Non,Non,Non,Oui,Oui,Non
00000000277,00000000000000000000277000,IP_277,LOC77,Structure_127,158,PPSP_158,10,0,1,3,.50024569,0,90,1833,Secteur_1,7,Oui,Oui,Oui,Non,Oui,Oui,Oui,Oui,Oui,Oui,Oui,Oui,Oui,Non,Oui,Non,Oui,Oui,Oui,Oui,Oui,Non,Non,Oui,Non,Oui,Oui,Non,Oui,Non,Non,Non
00000000278,00000000000000000000278000,IP_278,LOC78,Structure_128,555,PPSP_555,6,0,1,2,.017645827,0,123,1550,Secteur_8,5,Oui,Oui,Oui,Oui,Non,Oui,Non,Non,Non,Oui,Oui,Oui,Oui,Oui,Oui,Oui,Oui,Oui,Non,Non,Non,Non,Oui,Oui,Non,Non,Oui,Oui,Non,Non,Non,Non
00000000279,00000000000000000000279000,IP_279,LOC79,Structure_129,55,PPSP_55,14,0,1,3,.33613992,0,88,1249,Secteur_1,2,Oui,Oui,Oui,Oui,Non,Non,Oui,Oui,Non,Oui,Non,Oui,Oui,Oui,Non,Oui,Oui,Oui,Oui,Non,Non,Oui,Non,Oui,Oui,Oui,Oui,Non,Non,Oui,Oui,Oui
00000000280,00000000000000000000280000,IP_280,LOC80,Structure_130,408,PPSP_408,4,6,2,0,.86010122,0,68,1310,Secteur_9,5,Non,Non,Oui,Oui,Non,Non,Non,Oui,Oui,Non,Oui,Oui,Oui,Oui,Oui,Oui,Oui,Non,Non,Oui,Oui,Non,Oui,Oui,Oui,Non,Oui,Non,Non,Non,Non,Non
00000000281,00000000000000000000281000,IP_281,LOC81,Structure_131,286,PPSP_286,16,0,5,0,.67281395,0,112,1742,Secteur_8,4,Oui,Oui,Oui,Oui,Non,Non,Oui,Non,Oui,Oui,Non,Oui,Oui,Oui,Oui,Non,Non,Non,Oui,Non,Oui,Oui,Non,Oui,Non,Oui,Non,Non,Non,Oui,Non,Oui
00000000282,00000000000000000000282000,IP_282,LOC82,Structure_132,795,PPSP_795,5,0,3,1,.45470425,0,95,1535,Secteur_9,8,Oui,Oui,Oui,Oui,Non,Non,Oui,Oui,Oui,Oui,Oui,Oui,Oui,Non,Oui,Non,Non,Oui,Non,Oui,Oui,Oui,Non,Oui,Non,Oui,Oui,Oui,Oui,Non,Non,Non
00000000283,00000000000000000000283000,IP_283,LOC83,Structure_133,393,PPSP_393,13,0,1,1,.962372,0,103,1887,Secteur_2,3,Oui,Oui,Non,Oui,Oui,Oui,Non,Non,Non,Oui,Non,Oui,Oui,Non,Oui,Oui,Oui,Oui,Oui,Oui,Non,Oui,Oui,Oui,Oui,Non,Oui,Oui,Non,Non,Non,Non
00000000284,00000000000000000000284000,IP_284,LOC84,Structure_134,724,PPSP_724,13,0,2,0,.7123661,0,92,1440,Secteur_9,8,Oui,Non,Oui,Oui,Non,Non,Non,Oui,Non,Non,Non,Oui,Oui,Non,Non,Non,Oui,Non,Non,Oui,Non,Oui,Oui,Oui,Oui,Oui,Oui,Oui,Oui,Non,Non,Non
00000000285,00000000000000000000285000,IP_285,LOC85,Structure_135,344,PPSP_344,20,0,2,1,.62867242,0,90,1537,Secteur_8,5,Oui,Oui,Oui,Oui,Non,Non,Non,Non,Oui,Non,Oui,Oui,Non,Oui,Oui,Oui,Oui,Oui,Non,Oui,Non,Oui,Oui,Non,Oui,Non,Oui,Oui,Non,Oui,Non,Non
00000000286,00000000000000000000286000,IP_286,LOC86,Structure_136,63,PPSP_63,8,0,2,3,.85068858,0,120,1422,Secteur_4,1,Oui,Oui,Non,Non,Oui,Oui,Non,Non,Oui,Oui,Non,Oui,Oui,Non,Oui,Oui,Oui,Oui,Oui,Oui,Oui,Oui,Non,Oui,Oui,Oui,Oui,Non,Oui,Oui,Non,Non
00000000287,00000000000000000000287000,IP_287,LOC87,Structure_137,211,PPSP_211,13,0,2,0,.7887249,0,100,1520,Secteur_8,7,Oui,Non,Non,Oui,Non,Non,Non,Non,Oui,Non,Oui,Oui,Oui,Oui,Non,Non,Oui,Non,Non,Non,Non,Oui,Oui,Oui,Oui,Oui,Oui,Oui,Oui,Oui,Non,Non
00000000288,00000000000000000000288000,IP_288,LOC88,Structure_138,757,PPSP_757,6,0,2,1,.85849822,0,122,1393,Secteur_3,1,Oui,Oui,Non,Oui,Oui,Oui,Oui,Oui,Oui,Oui,Non,Oui,Non,Oui,Oui,Non,Oui,Oui,Non,Oui,Non,Non,Non,Oui,Oui,Oui,Oui,Non,Oui,Oui,Oui,Non
00000000289,00000000000000000000289000,IP_289,LOC89,Structure_139,241,PPSP_241,15,0,3,0,.26002872,0,99,1333,Secteur_7,9,Oui,Oui,Non,Oui,Non,Oui,Oui,Oui,Non,Oui,Non,Oui,Oui,Oui,Oui,Non,Oui,Non,Non,Non,Non,Non,Oui,Non,Oui,Non,Oui,Non,Non,Oui,Non,Oui
00000000290,00000000000000000000290000,IP_290,LOC90,Structure_140,701,PPSP_701,2,2,5,0,.97069281,0,88,1337,Secteur_8,7,Non,Oui,Oui,Oui,Oui,Oui,Non,Non,Non,Oui,Non,Oui,Oui,Oui,Oui,Non,Oui,Non,Non,Non,Oui,Oui,Oui,Oui,Oui,Oui,Non,Non,Oui,Oui,Non,Oui
00000000291,00000000000000000000291000,IP_291,LOC91,Structure_141,638,PPSP_638,16,0,1,1,.59048498,0,71,1356,Secteur_4,1,Oui,Oui,Oui,Oui,Non,Non,Oui,Non,Non,Oui,Non,Oui,Oui,Oui,Oui,Oui,Oui,Oui,Oui,Oui,Non,Oui,Oui,Oui,Oui,Non,Oui,Oui,Non,Oui,Non,Non
00000000292,00000000000000000000292000,IP_292,LOC92,Structure_142,943,PPSP_943,11,0,2,0,.58249271,0,121,1579,Secteur_4,9,Oui,Oui,Non,Oui,Non,Non,Non,Oui,Non,Non,Oui,Oui,Oui,Non,Non,Non,Oui,Non,Non,Non,Oui,Oui,Oui,Oui,Non,Oui,Oui,Non,Non,Non,Non,Non
00000000293,00000000000000000000293000,IP_293,LOC93,Structure_143,178,PPSP_178,10,0,1,1,.65536332,0,81,1848,Secteur_8,7,Oui,Oui,Oui,Non,Non,Non,Non,Non,Oui,Non,Oui,Non,Non,Non,Non,Non,Non,Oui,Oui,Oui,Non,Non,Oui,Oui,Non,Non,Oui,Oui,Non,Non,Non,Non
00000000294,00000000000000000000294000,IP_294,LOC94,Structure_144,425,PPSP_425,15,0,3,0,.055555645,0,99,1641,Secteur_8,6,Oui,Oui,Non,Non,Non,Non,Oui,Oui,Non,Oui,Non,Non,Non,Non,Non,Non,Non,Non,Oui,Non,Oui,Non,Oui,Non,Oui,Oui,Oui,Oui,Non,Non,Non,Non
00000000295,00000000000000000000295000,IP_295,LOC95,Structure_145,423,PPSP_423,17,0,1,0,.77977628,0,66,1397,Secteur_9,5,Oui,Non,Oui,Oui,Non,Non,Non,Non,Oui,Non,Oui,Oui,Oui,Non,Oui,Non,Oui,Non,Non,Non,Oui,Oui,Non,Oui,Oui,Oui,Non,Non,Oui,Oui,Oui,Non
00000000296,00000000000000000000296000,IP_296,LOC96,Structure_146,277,PPSP_277,10,0,5,1,.55155748,0,125,1486,Secteur_7,2,Oui,Oui,Oui,Oui,Non,Oui,Non,Non,Oui,Oui,Non,Non,Non,Non,Non,Non,Non,Oui,Oui,Non,Oui,Oui,Oui,Non,Oui,Oui,Oui,Oui,Oui,Oui,Non,Oui
00000000297,00000000000000000000297000,IP_297,LOC97,Structure_147,866,PPSP_866,11,0,1,0,.23540023,0,109,1743,Secteur_4,9,Oui,Non,Oui,Oui,Oui,Non,Non,Oui,Oui,Non,Non,Non,Non,Non,Non,Non,Non,Non,Oui,Oui,Oui,Oui,Oui,Non,Oui,Oui,Oui,Non,Oui,Oui,Oui,Non
00000000298,00000000000000000000298000,IP_298,LOC98,Structure_148,871,PPSP_871,7,0,2,0,.76981503,0,103,1323,Secteur_9,7,Oui,Non,Oui,Oui,Non,Non,Oui,Oui,Oui,Oui,Non,Oui,Oui,Oui,Non,Oui,Non,Non,Non,Oui,Non,Non,Oui,Oui,Non,Oui,Oui,Non,Non,Oui,Oui,Non
00000000299,00000000000000000000299000,IP_299,LOC99,Structure_149,149,PPSP_149,2,4,4,3,.084117293,0,122,1608,Secteur_7,2,Non,Oui,Non,Oui,Oui,Oui,Oui,Non,Non,Oui,Non,Oui,Non,Oui,Oui,Non,Oui,Oui,Oui,Non,Non,Non,Oui,Non,Oui,Non,Oui,Non,Non,Non,Non,Non
00000000300,00000000000000000000300000,IP_300,LOC100,Structure_0,608,PPSP_608,18,0,3,0,.67676628,0,82,1238,Secteur_5,3,Oui,Oui,Oui,Oui,Non,Oui,Non,Non,Oui,Oui,Non,Non,Non,Non,Non,Non,Non,Non,Oui,Oui,Non,Non,Non,Oui,Non,Oui,Oui,Non,Oui,Non,Non,Non
00000000301,00000000000000000000301000,IP_301,LOC101,Structure_1,645,PPSP_645,8,0,5,0,.53371423,0,71,1681,Secteur_4,4,Oui,Oui,Non,Oui,Oui,Non,Non,Oui,Non,Non,Oui,Non,Non,Non,Non,Non,Non,Non,Oui,Oui,Non,Oui,Oui,Oui,Non,Oui,Oui,Non,Oui,Non,Non,Non
00000000302,00000000000000000000302000,IP_302,LOC102,Structure_2,917,PPSP_917,18,0,2,0,.59142655,0,83,1572,Secteur_9,2,Oui,Oui,Non,Oui,Oui,Oui,Oui,Non,Non,Oui,Non,Non,Non,Non,Non,Non,Non,Non,Non,Oui,Oui,Non,Oui,Oui,Oui,Oui,Oui,Non,Oui,Oui,Non,Non
00000000303,00000000000000000000303000,IP_303,LOC103,Structure_3,34,PPSP_34,8,0,5,3,.1990402,0,125,1366,Secteur_9,1,Oui,Oui,Oui,Oui,Oui,Non,Oui,Oui,Non,Oui,Non,Oui,Oui,Oui,Oui,Oui,Oui,Oui,Non,Non,Oui,Non,Oui,Non,Non,Oui,Oui,Non,Oui,Non,Non,Non
00000000304,00000000000000000000304000,IP_304,LOC104,Structure_4,649,PPSP_649,2,3,3,1,.4443045,0,119,1409,Secteur_7,1,Non,Non,Oui,Oui,Non,Oui,Oui,Non,Oui,Oui,Non,Oui,Oui,Oui,Non,Oui,Non,Oui,Oui,Non,Oui,Oui,Oui,Non,Oui,Oui,Non,Oui,Non,Non,Non,Non
00000000305,00000000000000000000305000,IP_305,LOC105,Structure_5,592,PPSP_592,11,0,2,0,.49801618,0,102,1332,Secteur_1,3,Oui,Oui,Non,Oui,Non,Oui,Oui,Non,Oui,Oui,Oui,Oui,Oui,Oui,Oui,Oui,Non,Non,Oui,Oui,Oui,Non,Oui,Non,Oui,Oui,Oui,Non,Oui,Non,Non,Non
00000000306,00000000000000000000306000,IP_306,LOC106,Structure_6,79,PPSP_79,12,0,5,1,.86535954,0,113,1513,Secteur_5,8,Oui,Oui,Non,Oui,Non,Oui,Oui,Oui,Oui,Oui,Non,Oui,Oui,Non,Oui,Oui,Oui,Oui,Oui,Non,Oui,Non,Oui,Oui,Oui,Oui,Oui,Non,Oui,Oui,Oui,Oui
00000000307,00000000000000000000307000,IP_307,LOC107,Structure_7,383,PPSP_383,1,1,3,1,.71832609,0,68,1482,Secteur_3,5,Non,Non,Non,Oui,Oui,Oui,Oui,Oui,Oui,Oui,Non,Oui,Oui,Oui,Non,Oui,Oui,Oui,Non,Oui,Oui,Oui,Oui,Oui,Oui,Oui,Oui,Oui,Oui,Oui,Non,Oui
00000000308,00000000000000000000308000,IP_308,LOC108,Structure_8,732,PPSP_732,1,2,4,1,.39610153,0,117,1452,Secteur_7,1,Non,Oui,Oui,Oui,Non,Oui,Oui,Oui,Oui,Oui,Non,Non,Non,Non,Non,Non,Non,Oui,Oui,Oui,Oui,Oui,Oui,Non,Oui,Oui,Oui,Oui,Oui,Oui,Non,Oui
00000000309,00000000000000000000309000,IP_309,LOC109,Structure_9,434,PPSP_434,2,4,1,1,.52653736,0,80,1790,Secteur_7,5,Non,Non,Oui,Oui,Non,Non,Non,Oui,Non,Non,Oui,Non,Non,Non,Non,Non,Non,Oui,Non,Oui,Oui,Oui,Non,Oui,Oui,Oui,Non,Non,Oui,Non,Non,Non
00000000310,00000000000000000000310000,IP_310,LOC110,Structure_10,182,PPSP_182,14,0,2,3,.30971795,0,89,1526,Secteur_4,1,Oui,Oui,Non,Oui,Non,Oui,Non,Oui,Oui,Oui,Non,Non,Non,Non,Non,Non,Non,Oui,Non,Non,Oui,Oui,Oui,Oui,Oui,Non,Oui,Non,Non,Oui,Non,Oui
00000000311,00000000000000000000311000,IP_311,LOC111,Structure_11,559,PPSP_559,18,0,3,3,.23062336,0,70,1588,Secteur_1,3,Oui,Oui,Oui,Oui,Non,Oui,Non,Non,Oui,Oui,Oui,Oui,Oui,Oui,Non,Non,Oui,Oui,Oui,Oui,Oui,Oui,Oui,Oui,Oui,Oui,Oui,Non,Oui,Oui,Oui,Oui
00000000312,00000000000000000000312000,IP_312,LOC112,Structure_12,114,PPSP_114,9,0,1,3,.040595673,0,90,1246,Secteur_3,1,Oui,Oui,Non,Oui,Oui,Non,Non,Non,Oui,Non,Oui,Oui,Oui,Oui,Oui,Oui,Non,Oui,Non,Non,Oui,Oui,Non,Non,Oui,Oui,Non,Oui,Oui,Non,Non,Non
00000000313,00000000000000000000313000,IP_313,LOC113,Structure_13,631,PPSP_631,17,0,3,0,.68921524,0,106,1679,Secteur_7,6,Oui,Oui,Oui,Oui,Oui,Non,Oui,Oui,Non,Oui,Oui,Oui,Oui,Oui,Oui,Oui,Oui,Non,Non,Oui,Oui,Oui,Oui,Oui,Non,Oui,Oui,Non,Non,Non,Non,Non
00000000314,00000000000000000000314000,IP_314,LOC114,Structure_14,883,PPSP_883,7,0,1,1,.99736828,0,78,1810,Secteur_4,4,Oui,Oui,Oui,Non,Non,Non,Oui,Oui,Oui,Oui,Non,Oui,Non,Oui,Oui,Oui,Oui,Oui,Oui,Non,Non,Oui,Oui,Non,Oui,Oui,Oui,Oui,Oui,Oui,Oui,Oui
00000000315,00000000000000000000315000,IP_315,LOC115,Structure_15,877,PPSP_877,15,0,5,1,.52970284,0,111,1549,Secteur_8,7,Oui,Oui,Oui,Oui,Non,Non,Non,Non,Non,Non,Non,Oui,Oui,Non,Oui,Oui,Oui,Oui,Oui,Non,Oui,Oui,Oui,Oui,Non,Oui,Oui,Oui,Oui,Oui,Oui,Oui
00000000316,00000000000000000000316000,IP_316,LOC116,Structure_16,490,PPSP_490,3,5,4,1,.72495651,0,93,1690,Secteur_8,2,Non,Oui,Oui,Oui,Oui,Oui,Oui,Non,Non,Oui,Non,Oui,Oui,Oui,Oui,Oui,Non,Oui,Non,Oui,Non,Oui,Oui,Oui,Oui,Oui,Non,Non,Oui,Oui,Non,Non
00000000317,00000000000000000000317000,IP_317,LOC117,Structure_17,879,PPSP_879,7,0,1,3,.59017467,0,130,1542,Secteur_8,7,Oui,Oui,Non,Oui,Oui,Non,Non,Oui,Non,Non,Non,Oui,Oui,Non,Oui,Oui,Oui,Oui,Non,Non,Oui,Oui,Oui,Non,Oui,Oui,Oui,Non,Non,Oui,Oui,Oui
00000000318,00000000000000000000318000,IP_318,LOC118,Structure_18,68,PPSP_68,8,0,1,2,.6394453,0,88,1744,Secteur_2,7,Oui,Oui,Oui,Non,Oui,Non,Non,Oui,Oui,Non,Oui,Oui,Oui,Non,Non,Non,Non,Oui,Non,Oui,Non,Oui,Oui,Non,Oui,Oui,Oui,Oui,Non,Non,Non,Non
00000000319,00000000000000000000319000,IP_319,LOC119,Structure_19,621,PPSP_621,16,0,4,0,.049812309,0,103,1644,Secteur_9,7,Oui,Oui,Non,Non,Oui,Oui,Oui,Oui,Non,Oui,Oui,Non,Non,Non,Non,Non,Non,Non,Non,Oui,Oui,Non,Oui,Oui,Oui,Oui,Oui,Non,Oui,Non,Non,Non
00000000320,00000000000000000000320000,IP_320,LOC120,Structure_20,124,PPSP_124,2,5,3,0,.67320222,0,110,1272,Secteur_4,1,Non,Oui,Oui,Oui,Oui,Non,Non,Oui,Non,Non,Oui,Oui,Non,Oui,Non,Non,Oui,Non,Non,Non,Oui,Oui,Oui,Oui,Oui,Oui,Oui,Oui,Non,Oui,Oui,Non
00000000321,00000000000000000000321000,IP_321,LOC121,Structure_21,817,PPSP_817,14,0,5,2,.53543973,0,72,1549,Secteur_3,6,Oui,Oui,Oui,Oui,Non,Non,Non,Non,Non,Non,Non,Non,Non,Non,Non,Non,Non,Oui,Oui,Oui,Non,Oui,Oui,Oui,Oui,Oui,Non,Non,Oui,Oui,Oui,Non
00000000322,00000000000000000000322000,IP_322,LOC122,Structure_22,780,PPSP_780,18,0,2,1,.72920918,0,87,1356,Secteur_7,1,Oui,Oui,Oui,Non,Non,Non,Oui,Oui,Oui,Oui,Oui,Oui,Oui,Oui,Oui,Oui,Non,Oui,Oui,Oui,Non,Non,Oui,Oui,Non,Oui,Oui,Non,Oui,Non,Non,Non
00000000323,00000000000000000000323000,IP_323,LOC123,Structure_23,715,PPSP_715,12,0,1,0,.46167123,0,106,1235,Secteur_7,2,Oui,Oui,Oui,Oui,Non,Oui,Oui,Non,Non,Oui,Non,Oui,Oui,Oui,Oui,Non,Oui,Non,Non,Oui,Non,Oui,Non,Non,Oui,Oui,Oui,Non,Oui,Oui,Non,Non
00000000324,00000000000000000000324000,IP_324,LOC124,Structure_24,891,PPSP_891,6,0,2,0,.5720048,0,123,1842,Secteur_3,7,Oui,Oui,Non,Oui,Non,Non,Oui,Non,Oui,Oui,Oui,Oui,Oui,Oui,Oui,Oui,Oui,Non,Oui,Oui,Oui,Oui,Oui,Oui,Oui,Non,Non,Non,Non,Oui,Oui,Oui
00000000325,00000000000000000000325000,IP_325,LOC125,Structure_25,890,PPSP_890,2,2,1,0,.45456284,0,66,1413,Secteur_5,3,Non,Non,Oui,Non,Non,Non,Non,Oui,Oui,Non,Non,Non,Non,Non,Non,Non,Non,Non,Non,Non,Non,Oui,Non,Oui,Oui,Non,Oui,Non,Non,Oui,Non,Oui
00000000326,00000000000000000000326000,IP_326,LOC126,Structure_26,589,PPSP_589,19,0,5,0,.01693684,0,92,1290,Secteur_1,6,Oui,Oui,Oui,Oui,Oui,Oui,Oui,Non,Oui,Oui,Oui,Non,Non,Non,Non,Non,Non,Non,Oui,Non,Oui,Non,Oui,Oui,Oui,Oui,Oui,Non,Oui,Oui,Oui,Non
00000000327,00000000000000000000327000,IP_327,LOC127,Structure_27,300,PPSP_300,5,0,4,1,.14862615,0,130,1470,Secteur_6,7,Oui,Non,Oui,Oui,Oui,Non,Oui,Non,Oui,Oui,Non,Non,Non,Non,Non,Non,Non,Oui,Non,Oui,Oui,Non,Oui,Oui,Oui,Non,Oui,Oui,Non,Non,Non,Non
00000000328,00000000000000000000328000,IP_328,LOC128,Structure_28,45,PPSP_45,2,4,2,3,.23564667,0,85,1211,Secteur_4,3,Non,Oui,Oui,Oui,Non,Oui,Non,Non,Oui,Oui,Non,Non,Non,Non,Non,Non,Non,Oui,Non,Non,Oui,Non,Oui,Non,Oui,Oui,Oui,Oui,Oui,Non,Non,Non
00000000329,00000000000000000000329000,IP_329,LOC129,Structure_29,433,PPSP_433,13,0,2,0,.40513524,0,119,1312,Secteur_7,1,Oui,Oui,Non,Oui,Oui,Non,Non,Non,Oui,Non,Oui,Non,Non,Non,Non,Non,Non,Non,Oui,Non,Oui,Non,Non,Non,Oui,Oui,Non,Oui,Non,Oui,Oui,Non
00000000330,00000000000000000000330000,IP_330,LOC130,Structure_30,355,PPSP_355,1,2,2,0,.018655121,0,122,1552,Secteur_7,8,Non,Oui,Oui,Non,Non,Oui,Oui,Oui,Oui,Oui,Oui,Oui,Oui,Non,Oui,Oui,Oui,Non,Oui,Oui,Oui,Oui,Oui,Non,Oui,Oui,Non,Oui,Oui,Non,Non,Non
00000000331,00000000000000000000331000,IP_331,LOC131,Structure_31,469,PPSP_469,7,0,1,0,.71031785,0,83,1878,Secteur_7,4,Oui,Non,Oui,Oui,Oui,Oui,Oui,Non,Oui,Oui,Non,Non,Non,Non,Non,Non,Non,Non,Oui,Oui,Oui,Non,Oui,Non,Non,Oui,Oui,Oui,Oui,Oui,Oui,Non
00000000332,00000000000000000000332000,IP_332,LOC132,Structure_32,43,PPSP_43,12,0,3,0,.49918014,0,119,1373,Secteur_9,5,Oui,Oui,Oui,Non,Oui,Non,Non,Non,Non,Non,Non,Oui,Oui,Oui,Non,Non,Non,Non,Non,Non,Oui,Oui,Oui,Oui,Oui,Oui,Oui,Oui,Oui,Non,Non,Non
00000000333,00000000000000000000333000,IP_333,LOC133,Structure_33,568,PPSP_568,3,3,5,3,.15798111,0,113,1452,Secteur_3,9,Non,Oui,Non,Oui,Non,Oui,Oui,Oui,Oui,Oui,Non,Oui,Non,Oui,Non,Oui,Oui,Oui,Oui,Non,Non,Oui,Oui,Oui,Oui,Oui,Oui,Non,Oui,Oui,Non,Oui
00000000334,00000000000000000000334000,IP_334,LOC134,Structure_34,105,PPSP_105,20,0,1,3,.70542061,0,117,1478,Secteur_8,8,Oui,Oui,Oui,Oui,Non,Non,Oui,Oui,Oui,Oui,Oui,Oui,Non,Oui,Oui,Oui,Oui,Oui,Oui,Oui,Non,Non,Oui,Oui,Non,Oui,Oui,Oui,Oui,Oui,Non,Non
00000000335,00000000000000000000335000,IP_335,LOC135,Structure_35,287,PPSP_287,5,0,5,0,.93964809,0,68,1676,Secteur_5,6,Oui,Oui,Oui,Oui,Non,Non,Oui,Non,Oui,Oui,Non,Oui,Non,Non,Non,Oui,Oui,Non,Oui,Oui,Oui,Non,Oui,Oui,Oui,Oui,Oui,Non,Non,Oui,Oui,Non
00000000336,00000000000000000000336000,IP_336,LOC136,Structure_36,143,PPSP_143,18,0,2,1,.0034083663,0,124,1381,Secteur_9,9,Oui,Non,Oui,Oui,Non,Non,Non,Non,Oui,Non,Oui,Non,Non,Non,Non,Non,Non,Oui,Oui,Oui,Oui,Oui,Oui,Non,Oui,Oui,Oui,Non,Oui,Non,Non,Non
00000000337,00000000000000000000337000,IP_337,LOC137,Structure_37,541,PPSP_541,11,0,2,1,.31375727,0,100,1701,Secteur_8,9,Oui,Oui,Non,Oui,Oui,Non,Non,Oui,Oui,Non,Non,Oui,Oui,Oui,Non,Non,Oui,Oui,Non,Oui,Non,Oui,Oui,Non,Oui,Oui,Non,Non,Oui,Oui,Oui,Oui
00000000338,00000000000000000000338000,IP_338,LOC138,Structure_38,84,PPSP_84,15,0,3,0,.078874364,0,94,1288,Secteur_4,1,Oui,Oui,Oui,Oui,Oui,Non,Oui,Non,Non,Oui,Non,Non,Non,Non,Non,Non,Non,Non,Oui,Non,Oui,Oui,Oui,Non,Oui,Oui,Oui,Non,Oui,Non,Non,Non
00000000339,00000000000000000000339000,IP_339,LOC139,Structure_39,858,PPSP_858,3,4,2,0,.10531156,0,95,1312,Secteur_6,8,Non,Oui,Oui,Oui,Oui,Non,Non,Non,Non,Non,Non,Oui,Oui,Oui,Oui,Oui,Oui,Non,Oui,Non,Oui,Non,Oui,Oui,Oui,Oui,Non,Non,Oui,Oui,Oui,Oui
00000000340,00000000000000000000340000,IP_340,LOC140,Structure_40,704,PPSP_704,9,0,1,0,.56843358,0,127,1827,Secteur_5,1,Oui,Oui,Non,Oui,Non,Oui,Oui,Oui,Oui,Oui,Non,Oui,Non,Non,Oui,Oui,Non,Non,Non,Oui,Oui,Oui,Oui,Oui,Oui,Oui,Oui,Non,Oui,Non,Non,Non
00000000341,00000000000000000000341000,IP_341,LOC141,Structure_41,887,PPSP_887,18,0,2,0,.98969555,0,120,1867,Secteur_9,8,Oui,Non,Non,Oui,Oui,Oui,Non,Oui,Oui,Oui,Oui,Oui,Non,Oui,Non,Oui,Oui,Non,Non,Non,Oui,Oui,Oui,Non,Oui,Oui,Oui,Non,Oui,Oui,Oui,Non
00000000342,00000000000000000000342000,IP_342,LOC142,Structure_42,834,PPSP_834,3,5,5,2,.39874324,0,118,1884,Secteur_4,9,Non,Oui,Oui,Non,Non,Oui,Non,Non,Non,Oui,Non,Oui,Oui,Non,Non,Oui,Oui,Oui,Oui,Oui,Non,Oui,Oui,Oui,Oui,Oui,Non,Oui,Non,Oui,Oui,Oui
00000000343,00000000000000000000343000,IP_343,LOC143,Structure_43,426,PPSP_426,18,0,1,0,.80319428,0,126,1539,Secteur_7,7,Oui,Oui,Non,Oui,Oui,Oui,Non,Oui,Non,Oui,Oui,Oui,Non,Oui,Non,Oui,Oui,Non,Oui,Non,Oui,Oui,Oui,Oui,Non,Oui,Oui,Oui,Oui,Oui,Oui,Non
00000000344,00000000000000000000344000,IP_344,LOC144,Structure_44,314,PPSP_314,19,0,1,2,.12026598,0,79,1715,Secteur_5,4,Oui,Oui,Non,Oui,Non,Non,Oui,Oui,Non,Oui,Non,Non,Non,Non,Non,Non,Non,Oui,Oui,Non,Oui,Oui,Non,Oui,Oui,Oui,Oui,Non,Oui,Oui,Non,Oui
00000000345,00000000000000000000345000,IP_345,LOC145,Structure_45,288,PPSP_288,1,3,3,0,.32933921,0,81,1778,Secteur_3,5,Non,Oui,Non,Oui,Non,Non,Oui,Oui,Oui,Oui,Oui,Oui,Oui,Oui,Oui,Non,Oui,Non,Non,Oui,Oui,Non,Non,Non,Oui,Oui,Oui,Non,Oui,Non,Non,Non
00000000346,00000000000000000000346000,IP_346,LOC146,Structure_46,327,PPSP_327,5,0,3,0,.92801905,0,98,1260,Secteur_9,5,Oui,Oui,Non,Oui,Oui,Non,Oui,Oui,Non,Oui,Non,Non,Non,Non,Non,Non,Non,Non,Non,Non,Oui,Oui,Oui,Oui,Oui,Oui,Oui,Non,Oui,Non,Non,Non
00000000347,00000000000000000000347000,IP_347,LOC147,Structure_47,561,PPSP_561,12,0,4,0,.85602719,0,85,1582,Secteur_1,1,Oui,Oui,Oui,Oui,Non,Oui,Oui,Oui,Non,Oui,Non,Non,Non,Non,Non,Non,Non,Non,Oui,Non,Oui,Oui,Non,Oui,Non,Non,Oui,Non,Non,Non,Non,Non
00000000348,00000000000000000000348000,IP_348,LOC148,Structure_48,552,PPSP_552,17,0,5,2,.97850817,0,66,1325,Secteur_5,1,Oui,Oui,Oui,Oui,Oui,Non,Oui,Oui,Oui,Oui,Non,Oui,Oui,Oui,Oui,Non,Oui,Oui,Non,Oui,Oui,Oui,Oui,Oui,Non,Oui,Oui,Oui,Oui,Oui,Oui,Non
00000000349,00000000000000000000349000,IP_349,LOC149,Structure_49,542,PPSP_542,18,0,1,3,.14432397,0,74,1710,Secteur_8,7,Oui,Oui,Oui,Oui,Oui,Non,Oui,Oui,Oui,Oui,Non,Non,Non,Non,Non,Non,Non,Oui,Non,Oui,Oui,Non,Oui,Non,Oui,Oui,Oui,Non,Oui,Oui,Oui,Oui
00000000350,00000000000000000000350000,IP_350,LOC150,Structure_50,901,PPSP_901,9,0,4,2,.33362213,0,79,1684,Secteur_9,6,Oui,Oui,Oui,Oui,Oui,Non,Oui,Non,Oui,Oui,Non,Non,Non,Non,Non,Non,Non,Oui,Non,Non,Oui,Non,Non,Oui,Non,Non,Oui,Non,Non,Non,Non,Non
00000000351,00000000000000000000351000,IP_351,LOC151,Structure_51,622,PPSP_622,13,0,3,3,.85597146,0,107,1900,Secteur_8,8,Oui,Non,Oui,Oui,Non,Oui,Oui,Non,Non,Oui,Non,Non,Non,Non,Non,Non,Non,Oui,Non,Oui,Oui,Oui,Oui,Oui,Oui,Oui,Oui,Non,Oui,Non,Non,Non
00000000352,00000000000000000000352000,IP_352,LOC152,Structure_52,334,PPSP_334,19,0,3,0,.90256625,0,121,1852,Secteur_8,5,Oui,Oui,Oui,Oui,Non,Oui,Non,Oui,Oui,Oui,Non,Non,Non,Non,Non,Non,Non,Non,Oui,Oui,Oui,Oui,Oui,Oui,Non,Oui,Non,Non,Oui,Oui,Oui,Oui
00000000353,00000000000000000000353000,IP_353,LOC153,Structure_53,420,PPSP_420,6,0,1,3,.40430689,0,90,1381,Secteur_5,6,Oui,Non,Oui,Non,Non,Oui,Non,Non,Oui,Oui,Oui,Oui,Oui,Non,Non,Oui,Oui,Oui,Oui,Oui,Oui,Oui,Non,Oui,Non,Oui,Oui,Oui,Oui,Non,Non,Non
00000000354,00000000000000000000354000,IP_354,LOC154,Structure_54,559,PPSP_559,16,0,1,0,.82857108,0,99,1814,Secteur_9,6,Oui,Oui,Oui,Non,Non,Non,Oui,Oui,Oui,Oui,Oui,Oui,Non,Oui,Oui,Oui,Non,Non,Non,Non,Oui,Non,Non,Oui,Oui,Oui,Non,Oui,Oui,Oui,Non,Oui
00000000355,00000000000000000000355000,IP_355,LOC155,Structure_55,789,PPSP_789,1,1,3,0,.27542722,0,124,1875,Secteur_8,6,Non,Oui,Oui,Oui,Non,Oui,Oui,Non,Non,Oui,Oui,Oui,Oui,Oui,Non,Oui,Oui,Non,Oui,Non,Oui,Oui,Oui,Non,Oui,Oui,Non,Non,Non,Oui,Non,Non
00000000356,00000000000000000000356000,IP_356,LOC156,Structure_56,450,PPSP_450,15,0,5,0,.52629703,0,66,1420,Secteur_9,6,Oui,Oui,Non,Oui,Oui,Non,Oui,Non,Non,Oui,Oui,Oui,Non,Oui,Oui,Oui,Non,Non,Oui,Oui,Oui,Oui,Non,Oui,Non,Oui,Non,Oui,Oui,Non,Non,Non
00000000357,00000000000000000000357000,IP_357,LOC157,Structure_57,935,PPSP_935,15,0,3,2,.77534693,0,126,1830,Secteur_4,7,Oui,Oui,Oui,Oui,Non,Oui,Non,Non,Oui,Oui,Non,Oui,Oui,Oui,Oui,Oui,Non,Oui,Oui,Non,Oui,Oui,Non,Oui,Non,Oui,Oui,Oui,Oui,Non,Non,Non
00000000358,00000000000000000000358000,IP_358,LOC158,Structure_58,768,PPSP_768,4,6,2,0,.87138993,0,78,1330,Secteur_6,9,Non,Non,Oui,Oui,Oui,Oui,Oui,Non,Non,Oui,Non,Oui,Oui,Oui,Oui,Oui,Oui,Non,Non,Non,Oui,Non,Oui,Non,Oui,Oui,Oui,Oui,Non,Oui,Oui,Oui
00000000359,00000000000000000000359000,IP_359,LOC159,Structure_59,296,PPSP_296,16,0,3,1,.011457119,0,74,1701,Secteur_6,4,Oui,Non,Oui,Oui,Non,Oui,Non,Non,Non,Oui,Oui,Oui,Oui,Oui,Non,Oui,Non,Oui,Oui,Oui,Oui,Non,Oui,Non,Non,Oui,Non,Non,Oui,Oui,Non,Non
00000000360,00000000000000000000360000,IP_360,LOC160,Structure_60,379,PPSP_379,13,0,1,1,.60035825,0,80,1328,Secteur_1,7,Oui,Non,Non,Oui,Non,Oui,Non,Oui,Non,Oui,Non,Oui,Non,Oui,Oui,Non,Oui,Oui,Oui,Non,Non,Oui,Oui,Non,Non,Oui,Oui,Oui,Oui,Oui,Oui,Non
00000000361,00000000000000000000361000,IP_361,LOC161,Structure_61,236,PPSP_236,11,0,3,0,.38179278,0,74,1290,Secteur_1,3,Oui,Oui,Oui,Oui,Non,Non,Non,Non,Non,Non,Non,Oui,Oui,Non,Oui,Non,Oui,Non,Oui,Non,Oui,Oui,Oui,Non,Oui,Oui,Non,Oui,Oui,Oui,Non,Oui
00000000362,00000000000000000000362000,IP_362,LOC162,Structure_62,422,PPSP_422,2,1,2,0,.086859807,0,83,1361,Secteur_7,5,Non,Non,Oui,Oui,Oui,Oui,Oui,Non,Non,Oui,Non,Oui,Oui,Oui,Oui,Oui,Oui,Non,Non,Non,Oui,Non,Oui,Oui,Oui,Oui,Non,Oui,Non,Oui,Oui,Non
00000000363,00000000000000000000363000,IP_363,LOC163,Structure_63,587,PPSP_587,19,0,2,0,.67640138,0,94,1233,Secteur_7,3,Oui,Oui,Oui,Non,Oui,Oui,Non,Oui,Non,Oui,Oui,Non,Non,Non,Non,Non,Non,Non,Non,Non,Oui,Oui,Non,Non,Oui,Oui,Non,Non,Oui,Non,Non,Non
00000000364,00000000000000000000364000,IP_364,LOC164,Structure_64,260,PPSP_260,6,0,2,0,.67511809,0,80,1327,Secteur_3,2,Oui,Non,Oui,Oui,Non,Non,Oui,Non,Non,Oui,Oui,Oui,Non,Oui,Oui,Non,Oui,Non,Non,Oui,Non,Oui,Non,Non,Oui,Oui,Non,Oui,Non,Oui,Non,Non
00000000365,00000000000000000000365000,IP_365,LOC165,Structure_65,229,PPSP_229,11,0,5,0,.064831674,0,126,1292,Secteur_4,6,Oui,Oui,Oui,Oui,Non,Oui,Non,Oui,Non,Oui,Non,Oui,Non,Oui,Non,Non,Non,Non,Oui,Oui,Oui,Oui,Oui,Non,Oui,Oui,Oui,Oui,Non,Oui,Oui,Non
00000000366,00000000000000000000366000,IP_366,LOC166,Structure_66,605,PPSP_605,19,0,2,1,.42264801,0,94,1635,Secteur_1,1,Oui,Non,Oui,Oui,Oui,Non,Non,Non,Oui,Non,Non,Oui,Oui,Oui,Oui,Non,Non,Oui,Oui,Oui,Oui,Oui,Non,Non,Non,Oui,Oui,Non,Oui,Oui,Non,Non
00000000367,00000000000000000000367000,IP_367,LOC167,Structure_67,890,PPSP_890,15,0,3,2,.4308458,0,70,1900,Secteur_2,5,Oui,Oui,Oui,Oui,Non,Non,Non,Non,Oui,Non,Non,Non,Non,Non,Non,Non,Non,Oui,Oui,Oui,Non,Oui,Oui,Oui,Non,Oui,Oui,Oui,Oui,Oui,Non,Oui
00000000368,00000000000000000000368000,IP_368,LOC168,Structure_68,939,PPSP_939,14,0,3,0,.33565518,0,124,1888,Secteur_2,5,Oui,Oui,Oui,Oui,Oui,Oui,Non,Oui,Oui,Oui,Non,Oui,Oui,Oui,Non,Non,Oui,Non,Oui,Oui,Non,Oui,Non,Non,Oui,Non,Oui,Non,Non,Oui,Non,Oui
00000000369,00000000000000000000369000,IP_369,LOC169,Structure_69,528,PPSP_528,13,0,3,3,.68100381,0,119,1629,Secteur_1,3,Oui,Oui,Oui,Oui,Non,Non,Oui,Non,Oui,Oui,Non,Non,Non,Non,Non,Non,Non,Oui,Non,Oui,Oui,Oui,Non,Oui,Oui,Oui,Non,Non,Oui,Non,Non,Non
00000000370,00000000000000000000370000,IP_370,LOC170,Structure_70,758,PPSP_758,3,4,5,0,.91984415,0,119,1277,Secteur_4,9,Non,Non,Oui,Oui,Non,Non,Oui,Non,Non,Oui,Oui,Oui,Oui,Oui,Non,Oui,Oui,Non,Non,Oui,Oui,Oui,Non,Oui,Oui,Oui,Oui,Oui,Oui,Non,Non,Non
00000000371,00000000000000000000371000,IP_371,LOC171,Structure_71,195,PPSP_195,14,0,3,0,.46822333,0,128,1771,Secteur_1,4,Oui,Non,Oui,Non,Oui,Oui,Non,Oui,Oui,Oui,Non,Non,Non,Non,Non,Non,Non,Non,Oui,Non,Oui,Oui,Oui,Non,Oui,Oui,Oui,Oui,Oui,Non,Non,Non
00000000372,00000000000000000000372000,IP_372,LOC172,Structure_72,699,PPSP_699,3,6,5,0,.72026938,0,69,1505,Secteur_6,5,Non,Oui,Oui,Oui,Non,Non,Oui,Non,Non,Oui,Non,Non,Non,Non,Non,Non,Non,Non,Non,Oui,Oui,Oui,Oui,Non,Oui,Oui,Oui,Non,Non,Non,Non,Non
00000000373,00000000000000000000373000,IP_373,LOC173,Structure_73,758,PPSP_758,15,0,3,0,.46818706,0,121,1455,Secteur_9,8,Oui,Non,Non,Non,Oui,Oui,Oui,Non,Oui,Oui,Non,Non,Non,Non,Non,Non,Non,Non,Oui,Oui,Non,Oui,Oui,Non,Oui,Oui,Oui,Non,Oui,Oui,Non,Oui
00000000374,00000000000000000000374000,IP_374,LOC174,Structure_74,372,PPSP_372,16,0,4,0,.69641519,0,76,1748,Secteur_5,3,Oui,Non,Non,Oui,Oui,Oui,Oui,Non,Oui,Oui,Non,Oui,Non,Oui,Non,Oui,Oui,Non,Non,Oui,Oui,Oui,Oui,Oui,Oui,Non,Oui,Non,Non,Oui,Oui,Oui
00000000375,00000000000000000000375000,IP_375,LOC175,Structure_75,965,PPSP_965,3,2,2,2,.028672092,0,127,1568,Secteur_2,8,Non,Non,Oui,Oui,Non,Oui,Non,Non,Oui,Oui,Non,Non,Non,Non,Non,Non,Non,Oui,Oui,Oui,Oui,Oui,Non,Non,Oui,Non,Oui,Non,Non,Oui,Oui,Oui
00000000376,00000000000000000000376000,IP_376,LOC176,Structure_76,148,PPSP_148,17,0,1,0,.11471108,0,74,1417,Secteur_4,1,Oui,Oui,Oui,Oui,Non,Non,Oui,Non,Non,Oui,Oui,Non,Non,Non,Non,Non,Non,Non,Non,Oui,Non,Non,Oui,Non,Oui,Oui,Oui,Oui,Oui,Oui,Oui,Non
00000000377,00000000000000000000377000,IP_377,LOC177,Structure_77,740,PPSP_740,17,0,1,3,.1639522,0,114,1600,Secteur_1,5,Oui,Oui,Oui,Oui,Oui,Non,Oui,Oui,Oui,Oui,Non,Oui,Non,Non,Oui,Oui,Oui,Oui,Oui,Oui,Oui,Oui,Non,Non,Oui,Oui,Non,Non,Oui,Non,Non,Non
00000000378,00000000000000000000378000,IP_378,LOC178,Structure_78,579,PPSP_579,4,3,3,1,.76204973,0,72,1261,Secteur_9,6,Non,Oui,Oui,Oui,Oui,Non,Oui,Oui,Non,Oui,Non,Oui,Oui,Oui,Oui,Oui,Oui,Oui,Oui,Non,Oui,Non,Oui,Non,Oui,Non,Non,Oui,Non,Non,Non,Non
00000000379,00000000000000000000379000,IP_379,LOC179,Structure_79,435,PPSP_435,6,0,1,2,.45202854,0,119,1892,Secteur_6,1,Oui,Oui,Non,Oui,Oui,Oui,Non,Oui,Oui,Oui,Non,Oui,Oui,Non,Oui,Non,Oui,Oui,Oui,Non,Oui,Non,Non,Oui,Oui,Non,Non,Non,Non,Oui,Non,Non
00000000380,00000000000000000000380000,IP_380,LOC180,Structure_80,955,PPSP_955,8,0,5,0,.5359363,0,126,1271,Secteur_7,8,Oui,Non,Non,Oui,Non,Non,Oui,Oui,Oui,Oui,Oui,Non,Non,Non,Non,Non,Non,Non,Non,Oui,Oui,Non,Oui,Oui,Oui,Oui,Oui,Non,Non,Oui,Non,Non
00000000381,00000000000000000000381000,IP_381,LOC181,Structure_81,740,PPSP_740,9,0,4,0,.64382792,0,95,1871,Secteur_7,6,Oui,Oui,Oui,Non,Non,Non,Oui,Oui,Non,Oui,Non,Non,Non,Non,Non,Non,Non,Non,Non,Oui,Non,Non,Oui,Oui,Oui,Oui,Oui,Non,Oui,Non,Non,Non
00000000382,00000000000000000000382000,IP_382,LOC182,Structure_82,648,PPSP_648,6,0,4,1,.49035266,0,89,1615,Secteur_7,8,Oui,Non,Non,Non,Non,Oui,Non,Oui,Non,Oui,Oui,Non,Non,Non,Non,Non,Non,Oui,Oui,Oui,Non,Non,Oui,Oui,Oui,Non,Oui,Non,Non,Oui,Non,Oui
00000000383,00000000000000000000383000,IP_383,LOC183,Structure_83,137,PPSP_137,13,0,3,3,.76158154,0,114,1731,Secteur_4,9,Oui,Non,Oui,Oui,Non,Oui,Non,Oui,Non,Oui,Non,Oui,Non,Oui,Oui,Non,Non,Oui,Non,Oui,Oui,Oui,Non,Non,Oui,Non,Oui,Non,Non,Oui,Oui,Oui
00000000384,00000000000000000000384000,IP_384,LOC184,Structure_84,899,PPSP_899,2,2,1,2,.02003267,0,121,1320,Secteur_3,9,Non,Non,Oui,Oui,Non,Non,Non,Non,Non,Non,Oui,Non,Non,Non,Non,Non,Non,Oui,Oui,Oui,Oui,Non,Oui,Oui,Oui,Oui,Oui,Non,Oui,Non,Non,Non
00000000385,00000000000000000000385000,IP_385,LOC185,Structure_85,222,PPSP_222,12,0,5,0,.36988467,0,71,1239,Secteur_4,1,Oui,Oui,Non,Oui,Non,Oui,Non,Oui,Non,Oui,Oui,Oui,Oui,Non,Non,Non,Oui,Non,Oui,Oui,Non,Non,Oui,Non,Oui,Oui,Non,Non,Non,Oui,Oui,Oui
00000000386,00000000000000000000386000,IP_386,LOC186,Structure_86,312,PPSP_312,5,0,3,0,.43059835,0,125,1503,Secteur_7,9,Oui,Non,Oui,Oui,Non,Non,Non,Oui,Oui,Non,Non,Oui,Oui,Oui,Oui,Oui,Oui,Non,Oui,Oui,Oui,Oui,Oui,Oui,Oui,Non,Non,Non,Non,Oui,Non,Non
00000000387,00000000000000000000387000,IP_387,LOC187,Structure_87,17,PPSP_17,4,3,2,2,.2667858,0,85,1728,Secteur_1,3,Non,Non,Non,Oui,Oui,Oui,Non,Oui,Non,Oui,Non,Oui,Non,Oui,Oui,Oui,Oui,Oui,Non,Oui,Non,Oui,Oui,Oui,Non,Oui,Oui,Oui,Oui,Oui,Non,Oui
00000000388,00000000000000000000388000,IP_388,LOC188,Structure_88,819,PPSP_819,19,0,1,0,.39132622,0,96,1819,Secteur_6,2,Oui,Non,Oui,Oui,Non,Non,Oui,Non,Oui,Oui,Oui,Oui,Non,Oui,Non,Oui,Oui,Non,Oui,Oui,Oui,Non,Oui,Oui,Non,Oui,Non,Non,Oui,Oui,Non,Oui
00000000389,00000000000000000000389000,IP_389,LOC189,Structure_89,956,PPSP_956,10,0,5,2,.50118768,0,69,1246,Secteur_1,3,Oui,Oui,Oui,Oui,Oui,Oui,Oui,Non,Oui,Oui,Non,Oui,Oui,Oui,Non,Oui,Oui,Oui,Oui,Non,Oui,Oui,Non,Oui,Oui,Oui,Oui,Non,Oui,Non,Non,Non
00000000390,00000000000000000000390000,IP_390,LOC190,Structure_90,957,PPSP_957,9,0,1,0,.43588379,0,67,1712,Secteur_4,9,Oui,Oui,Oui,Oui,Non,Non,Oui,Oui,Non,Oui,Non,Oui,Oui,Oui,Non,Oui,Oui,Non,Non,Non,Oui,Oui,Oui,Oui,Oui,Oui,Oui,Oui,Oui,Oui,Oui,Oui
00000000391,00000000000000000000391000,IP_391,LOC191,Structure_91,546,PPSP_546,8,0,4,0,.59645641,0,129,1632,Secteur_7,9,Oui,Oui,Non,Oui,Non,Oui,Oui,Non,Non,Oui,Non,Oui,Non,Non,Oui,Non,Oui,Non,Oui,Oui,Oui,Oui,Non,Oui,Oui,Oui,Oui,Non,Oui,Oui,Oui,Oui
00000000392,00000000000000000000392000,IP_392,LOC192,Structure_92,310,PPSP_310,14,0,2,0,.00037587248,0,126,1555,Secteur_7,2,Oui,Oui,Oui,Oui,Oui,Oui,Non,Oui,Oui,Oui,Oui,Oui,Non,Non,Oui,Non,Non,Non,Non,Non,Oui,Non,Oui,Non,Oui,Oui,Non,Oui,Oui,Oui,Non,Oui
00000000393,00000000000000000000393000,IP_393,LOC193,Structure_93,146,PPSP_146,12,0,3,0,.80532742,0,107,1553,Secteur_1,5,Oui,Oui,Oui,Oui,Non,Oui,Oui,Non,Non,Oui,Non,Non,Non,Non,Non,Non,Non,Non,Non,Oui,Oui,Oui,Oui,Non,Oui,Oui,Oui,Non,Oui,Non,Non,Non
00000000394,00000000000000000000394000,IP_394,LOC194,Structure_94,272,PPSP_272,4,3,4,3,.79902333,0,94,1466,Secteur_9,6,Non,Non,Oui,Oui,Non,Oui,Non,Oui,Non,Oui,Non,Non,Non,Non,Non,Non,Non,Oui,Oui,Oui,Oui,Oui,Oui,Non,Oui,Oui,Oui,Oui,Oui,Oui,Oui,Oui
00000000395,00000000000000000000395000,IP_395,LOC195,Structure_95,828,PPSP_828,13,0,1,1,.76116806,0,114,1830,Secteur_8,1,Oui,Non,Oui,Oui,Non,Non,Oui,Non,Oui,Oui,Oui,Non,Non,Non,Non,Non,Non,Oui,Oui,Oui,Oui,Non,Oui,Non,Oui,Oui,Non,Oui,Oui,Oui,Oui,Oui
00000000396,00000000000000000000396000,IP_396,LOC196,Structure_96,109,PPSP_109,16,0,1,0,.4798938,0,73,1835,Secteur_7,5,Oui,Non,Non,Oui,Oui,Non,Oui,Non,Oui,Oui,Non,Non,Non,Non,Non,Non,Non,Non,Oui,Oui,Oui,Oui,Oui,Non,Oui,Non,Oui,Non,Non,Oui,Oui,Non
00000000397,00000000000000000000397000,IP_397,LOC197,Structure_97,756,PPSP_756,9,0,3,1,.16102725,0,76,1646,Secteur_1,9,Oui,Oui,Oui,Oui,Non,Non,Non,Oui,Oui,Non,Oui,Non,Non,Non,Non,Non,Non,Oui,Oui,Non,Oui,Non,Non,Oui,Oui,Oui,Oui,Oui,Oui,Oui,Oui,Oui
00000000398,00000000000000000000398000,IP_398,LOC198,Structure_98,734,PPSP_734,8,0,3,3,.38728264,0,109,1444,Secteur_8,5,Oui,Oui,Non,Oui,Oui,Oui,Oui,Non,Oui,Oui,Non,Non,Non,Non,Non,Non,Non,Oui,Oui,Oui,Non,Oui,Oui,Non,Oui,Oui,Oui,Oui,Oui,Oui,Oui,Oui
00000000399,00000000000000000000399000,IP_399,LOC199,Structure_99,841,PPSP_841,1,3,3,3,.21451908,0,71,1658,Secteur_9,2,Non,Oui,Oui,Oui,Oui,Non,Oui,Oui,Oui,Oui,Non,Oui,Oui,Oui,Oui,Oui,Oui,Oui,Non,Oui,Non,Oui,Oui,Oui,Non,Non,Oui,Oui,Non,Oui,Oui,Non
00000000400,00000000000000000000400000,IP_400,LOC0,Structure_100,697,PPSP_697,8,0,1,3,.18151906,0,92,1245,Secteur_4,9,Oui,Oui,Non,Non,Oui,Oui,Non,Oui,Non,Oui,Non,Oui,Non,Oui,Oui,Oui,Non,Oui,Oui,Oui,Oui,Oui,Oui,Oui,Oui,Non,Non,Non,Non,Oui,Non,Oui
